data_osservazione,temperatura_media,precipitazioni,umidita,velocita_vento,stazione_meteorologica
2022-01-01,3.345031927881344,16.712920751669515,66.02826259442281,75.58082877570287,Stazione Napoli
2022-01-02,34.640505953651335,9.669179963420467,52.89133242424994,22.56774524328019,Stazione Roma
2022-01-03,1.2239018475403043,17.6237650281888,82.05485108049882,59.79210402705024,Stazione Milano
2022-01-04,-5.2342230302995505,18.328380214022108,48.78593290415941,2.510953817714312,Stazione Milano
2022-01-05,32.792867497492736,5.431021908495628,64.59570464181148,83.44984319735175,Stazione Milano
2022-01-06,0.5039114960643332,12.150907195815886,55.594283982071666,18.744475363635516,Stazione Roma
2022-01-07,21.03957192849877,10.531680576409384,82.5757162950188,0.4768377764269971,Stazione Roma
2022-01-08,-7.37396384587351,10.75891558303805,45.23500001935134,30.11878083654256,Stazione Milano
2022-01-09,22.88190946073643,18.75326187929124,34.728141618567626,92.04871188372718,Stazione Napoli
2022-01-10,29.677409555022784,6.10377405386058,74.91934325898838,26.26142180446358,Stazione Napoli
2022-01-11,2.259660295968313,19.668679564691523,54.77379701449929,50.347883811791135,Stazione Milano
2022-01-12,7.057560323484285,18.042624296084643,65.34590154757748,40.722984435770435,Stazione Milano
2022-01-13,6.843328249441225,9.174457772270053,31.583359902801067,29.424925833208672,Stazione Roma
2022-01-14,23.69547158930599,16.349065272363323,87.12658748384412,92.73535786015708,Stazione Roma
2022-01-15,0.7013259142567474,15.38093988640281,82.6571026430986,78.89949080537266,Stazione Torino
2022-01-16,-2.266610542856064,13.557899392370425,67.43207403463666,76.19133153738572,Stazione Roma
2022-01-17,10.218124190948213,6.396677787663085,31.021790526757083,52.61071244812398,Stazione Torino
2022-01-18,3.701078331979378,3.9290198364190787,52.6785884389726,82.48616737298372,Stazione Milano
2022-01-19,27.76351050163936,13.430553935315164,88.72779226452894,45.842865821125365,Stazione Milano
2022-01-20,0.698382170703745,16.859465928021685,70.87982152441407,46.518955047155565,Stazione Napoli
2022-01-21,12.607525587016767,0.32505577354739357,39.65927167880515,49.37740634134637,Stazione Torino
2022-01-22,32.416261986406866,12.856067506170241,57.635804919270036,23.691022522457096,Stazione Roma
2022-01-23,18.529896398509734,8.857460492444249,88.00426463060916,92.36518593869899,Stazione Napoli
2022-01-24,29.028023245810914,17.961755102539673,62.0824904649956,25.87506748785492,Stazione Napoli
2022-01-25,32.30943602096453,6.429458617084105,31.476871681789472,19.815949993946504,Stazione Torino
2022-01-26,23.784418784885837,9.483696245272435,67.18632505655867,24.375179333158524,Stazione Napoli
2022-01-27,21.480877710113813,10.295342080703726,46.27299185586959,81.7352116565939,Stazione Torino
2022-01-28,33.558450497190215,2.8087904274210596,35.93075711261426,76.85456376763617,Stazione Torino
2022-01-29,34.74803553414557,14.257846053978128,54.17450668391358,42.71068084560682,Stazione Roma
2022-01-30,10.331975720139184,16.60952690241919,63.51138584593469,1.3781904624582508,Stazione Milano
2022-01-31,-6.810859981710624,1.1581855379252048,31.022443082868165,97.57350332508857,Stazione Roma
2022-02-01,3.175731414823348,5.827776410738055,63.542808518156846,13.253097749036336,Stazione Torino
2022-02-02,-3.144038244052129,0.7608936307011582,60.672188810378245,85.14226765922393,Stazione Torino
2022-02-03,8.78688686582053,19.130882093764846,77.63450298592561,78.17230866307524,Stazione Roma
2022-02-04,-4.091980218703479,13.34337641407647,55.41298900892383,93.8075781711365,Stazione Roma
2022-02-05,17.18530118093969,19.284008389095632,63.20702578019317,77.33985390852888,Stazione Napoli
2022-02-06,7.226362662103433,10.629885566626156,74.52055824342759,33.13715908270286,Stazione Napoli
2022-02-07,30.29236479296945,16.041370477912277,83.82875230691673,23.191404341416945,Stazione Napoli
2022-02-08,33.55076023093258,7.4882796775948,52.80207456142125,37.769082040641486,Stazione Milano
2022-02-09,14.609820575123997,7.076380651452818,66.0980097469888,20.308717051667458,Stazione Milano
2022-02-10,2.367060644041846,7.565356342102653,71.6766542049829,71.95747477449508,Stazione Milano
2022-02-11,16.650368844282657,13.157242674528565,32.59624058653177,82.65186324941105,Stazione Milano
2022-02-12,30.354252120098444,7.189063020433045,78.04563050916809,64.6438892397248,Stazione Roma
2022-02-13,8.303000562608673,18.007349032084512,52.64581111292363,18.60927313091021,Stazione Torino
2022-02-14,14.84352245113869,19.665497301003107,70.21433648661659,3.738471102864571,Stazione Napoli
2022-02-15,2.224374542276564,0.6085303067401182,58.29984397229694,58.04012668569645,Stazione Napoli
2022-02-16,10.494986725251213,3.8724658080499297,72.14034856150244,46.267310507961355,Stazione Torino
2022-02-17,8.07710909208194,2.24499985174772,73.45985875414674,19.97039281990324,Stazione Roma
2022-02-18,1.1786059287336954,0.8472809418288652,41.49426080918804,36.80839022202911,Stazione Torino
2022-02-19,12.763987272138877,4.55481986694573,69.73045405718703,54.14662556089532,Stazione Roma
2022-02-20,3.9671371690915134,8.935866407381623,81.07940627292524,63.291711227657956,Stazione Torino
2022-02-21,6.7865688746336374,16.739807305773674,44.134032030298485,47.66437775428183,Stazione Torino
2022-02-22,13.623669901441893,4.436480610199922,75.49100819363267,97.13928217354079,Stazione Napoli
2022-02-23,23.776776031804438,9.878905113244025,68.02950678931342,4.622640047085602,Stazione Torino
2022-02-24,5.007835960607389,18.59237478893509,87.30756206835383,65.82079130268984,Stazione Napoli
2022-02-25,31.58714449793436,13.344294135733499,45.61479463750565,90.95579017878256,Stazione Milano
2022-02-26,28.80433460761561,15.961580395119949,39.25666665948022,23.6564211113225,Stazione Milano
2022-02-27,-7.8089366811012155,11.019879403709725,48.727260916902,21.370718806913768,Stazione Roma
2022-02-28,1.4139135915570247,19.6093291768126,45.47752669187512,76.22328074825822,Stazione Napoli
2022-03-01,10.076098069664088,11.773243093629484,75.40996562841077,48.63737941052359,Stazione Torino
2022-03-02,-5.291745006588666,0.9102142792518308,73.9865582308079,99.2177506697882,Stazione Napoli
2022-03-03,5.681419506507369,3.959655998795897,70.18109405132003,58.91236204917122,Stazione Milano
2022-03-04,23.304388652795716,8.09547257914296,42.98274686750926,92.34419334879928,Stazione Milano
2022-03-05,20.623151651427165,12.025543451475526,81.70840844634537,1.2210519663421904,Stazione Napoli
2022-03-06,18.007299285470218,15.438617348179198,87.39429335153567,15.453962047570514,Stazione Roma
2022-03-07,21.973778122505554,8.261722518077725,61.89634908651867,68.44190447515896,Stazione Torino
2022-03-08,-0.7784340868134212,14.201166100313774,68.96236383776315,41.6466369897446,Stazione Milano
2022-03-09,5.376415168912946,15.7973900621825,60.04152594123373,83.59645694289803,Stazione Napoli
2022-03-10,20.43091170248583,6.345203944999655,47.013462906156235,42.88980925565181,Stazione Roma
2022-03-11,29.56556433640972,19.585404800716372,47.168856239796256,71.29966963549856,Stazione Napoli
2022-03-12,14.465512422264283,12.993129904716712,48.805231364094794,56.616001703345816,Stazione Torino
2022-03-13,2.721484292549148,17.619961215722626,41.45100024984924,11.990356732862285,Stazione Torino
2022-03-14,-8.639413389730784,11.118753776172134,84.11541795775906,71.79512067070324,Stazione Torino
2022-03-15,21.9651573038396,14.832062143046475,81.50388804280115,70.6371801347698,Stazione Napoli
2022-03-16,-9.645215342120183,15.410881232327307,57.6983616791302,11.571815121321471,Stazione Napoli
2022-03-17,6.7705581419448,18.16496758469158,52.03508475361023,56.1911457807729,Stazione Torino
2022-03-18,13.87417465532518,3.006995137427406,86.34470139282593,33.56500175487184,Stazione Roma
2022-03-19,31.49501577952369,11.16566848338497,43.342408153968606,45.88497820457755,Stazione Roma
2022-03-20,-5.972745473519495,8.567570262117126,63.212517568008096,42.2758693030776,Stazione Torino
2022-03-21,8.267404488572769,18.463180423474807,33.26988933252976,10.47744042491886,Stazione Napoli
2022-03-22,-8.9059060130429,2.101893884979984,41.47213182104694,15.802298629127975,Stazione Napoli
2022-03-23,5.417494295371565,19.651477773618254,66.24161600157058,8.680861614365021,Stazione Roma
2022-03-24,18.00039764779077,17.509026481865927,69.73101917065017,19.24470136033619,Stazione Torino
2022-03-25,2.558057670286926,1.4765256312849706,64.85974912039438,85.24443864977455,Stazione Napoli
2022-03-26,-0.5612522654964209,9.819327710809489,82.1760849599574,2.4522649262932905,Stazione Napoli
2022-03-27,-4.793354500280786,14.351190004250519,89.60431324936482,43.1617250286856,Stazione Roma
2022-03-28,15.97131098091538,14.76303091382113,75.83171052917467,80.09363887030906,Stazione Milano
2022-03-29,21.28715026571087,18.129882504758417,57.90550704862553,10.025820452739008,Stazione Torino
2022-03-30,20.238071326812005,15.99730871164622,80.03608016724615,22.771359015896465,Stazione Roma
2022-03-31,32.69874593242283,6.21860760688179,37.2232436499601,72.74397075582868,Stazione Milano
2022-04-01,-9.87835537479238,9.968695717249048,70.99624178675577,64.75524325933526,Stazione Milano
2022-04-02,19.123849425231622,14.035715258717081,61.100267247206034,56.30238367151661,Stazione Roma
2022-04-03,17.01765066939378,2.7687368272870283,40.683953175343106,17.164081662818077,Stazione Milano
2022-04-04,16.493282448662967,3.8798159520039466,88.37601703681284,79.45310119658656,Stazione Torino
2022-04-05,33.32466439281091,9.620848962197453,50.30624518672485,14.141411188129604,Stazione Napoli
2022-04-06,-9.240774698348213,5.964915974110254,66.925404357803,13.479789472306425,Stazione Roma
2022-04-07,21.341709381565256,17.2511849956819,82.71565425149711,79.50350443033544,Stazione Torino
2022-04-08,26.615539236583857,11.72554643041236,60.401330634889234,36.92233278840753,Stazione Milano
2022-04-09,12.941323847971287,6.973303954367354,36.90827101058591,31.261711592334684,Stazione Milano
2022-04-10,5.0284191318564115,16.976660512088202,79.1243450608374,27.867205131023642,Stazione Roma
2022-04-11,25.587807345233223,16.097568971084776,51.19282602352803,32.497210636760144,Stazione Roma
2022-04-12,-5.6240683465408905,19.96709754198539,88.98401213351033,34.05875997076052,Stazione Napoli
2022-04-13,9.891603697846637,16.946153766674698,83.02952678667349,69.63676936065396,Stazione Milano
2022-04-14,13.39785685568772,8.289130696113594,81.20696000093744,24.026220115127252,Stazione Roma
2022-04-15,21.228038492054637,2.5499776353997694,51.375190652273965,32.532645347390485,Stazione Milano
2022-04-16,-5.910142058541574,16.812818164009556,75.42778666854394,77.62115084700662,Stazione Milano
2022-04-17,0.24917756920374323,1.1951583592078796,89.17974378009532,91.31505733137121,Stazione Milano
2022-04-18,8.463570321055652,7.0054241468970835,61.57929671707988,61.283597022843225,Stazione Roma
2022-04-19,18.04826028590588,18.394759615425475,58.2439292973139,10.511822946280702,Stazione Torino
2022-04-20,29.913235154783784,19.215329468902013,30.87994925832425,54.15846607086229,Stazione Napoli
2022-04-21,17.84717757086194,12.811291870424368,72.01222612409617,62.77788742244063,Stazione Torino
2022-04-22,-3.9942338079279507,13.772966339674271,81.50865411611125,31.40526970069475,Stazione Milano
2022-04-23,34.126105975427706,0.8490897745104498,44.8474311649098,82.80003729268972,Stazione Roma
2022-04-24,29.23035806399718,10.289606821790958,48.901474626879406,78.20788107571781,Stazione Milano
2022-04-25,12.62243425153958,10.937363576126824,60.040621279569386,57.530670672029,Stazione Napoli
2022-04-26,31.505659180848482,6.802014922482222,34.32480944169101,14.50155894271119,Stazione Milano
2022-04-27,14.362135719071109,1.3719366950776868,35.37854856592422,69.73814656840916,Stazione Napoli
2022-04-28,31.54877305501234,4.578151994487881,55.266645533284844,89.53486638415221,Stazione Roma
2022-04-29,27.34538158715044,7.159678737223927,45.6731371622053,25.01011097732363,Stazione Roma
2022-04-30,33.57288846324338,8.702839730326593,54.36223815196611,95.86858956840082,Stazione Torino
2022-05-01,31.390226485017124,11.818534510671384,57.263177885996285,77.13023970302835,Stazione Roma
2022-05-02,-8.378478215714374,14.447830373964727,88.57640380434708,30.032157477911237,Stazione Milano
2022-05-03,-2.1352598127577016,6.352637465478923,86.65558920617023,61.68211241115817,Stazione Napoli
2022-05-04,7.51106046955336,6.5790751983796625,38.38380909238597,30.78479320806945,Stazione Milano
2022-05-05,32.84642137829393,0.39383285447407435,82.95515842393479,9.946787609389407,Stazione Napoli
2022-05-06,3.5013013764168317,0.8174972018803661,34.81239973980471,82.41486696206854,Stazione Roma
2022-05-07,-2.778956025057953,5.156433886170728,60.45812818306524,66.58070345090323,Stazione Torino
2022-05-08,29.883709973895193,14.804899953499133,39.834594006585924,61.40006512807219,Stazione Milano
2022-05-09,10.087748696744132,12.566276607478244,51.95352872141604,14.217288071323342,Stazione Roma
2022-05-10,30.85440174594467,15.395780413556695,74.60041353891988,37.737711316979706,Stazione Torino
2022-05-11,-2.789629015593553,15.378388724296435,55.470328761411,87.66360800049111,Stazione Torino
2022-05-12,19.750288017864477,17.131349353386025,78.41707725428003,16.33044607769063,Stazione Roma
2022-05-13,9.811868877327132,14.406385319737671,73.12894266225251,4.790288699711853,Stazione Napoli
2022-05-14,-6.558095393637157,19.580218380016458,86.57036677266098,19.11514768901753,Stazione Napoli
2022-05-15,21.340841509362527,17.976504386036346,62.04936123515264,25.018000717486398,Stazione Napoli
2022-05-16,1.1329439992619168,11.734343324464685,78.12887723926772,78.36425237658834,Stazione Milano
2022-05-17,-8.217301483921702,11.763153409823435,49.37442638022311,64.81414711893314,Stazione Roma
2022-05-18,-7.302506578769203,0.6853408070445899,50.74475070539188,1.734274680649217,Stazione Milano
2022-05-19,-7.25146583199457,19.970531554167085,54.03062781489032,1.7289652741196648,Stazione Napoli
2022-05-20,30.847983086826773,2.6315199473228357,54.654944057885345,56.68964288000554,Stazione Napoli
2022-05-21,23.294776302309543,14.806943932631839,36.19519323995847,63.329244237828874,Stazione Napoli
2022-05-22,30.412806074618075,16.42030390248618,61.145936359911815,12.542188091555396,Stazione Roma
2022-05-23,20.26620400834346,7.461090586104064,35.808193156141535,61.046215208355925,Stazione Roma
2022-05-24,13.80229680638974,3.937041093306275,83.38572814918584,24.035191041954008,Stazione Torino
2022-05-25,3.700086395632022,1.9751977358111006,33.71068699339759,33.67213424605472,Stazione Torino
2022-05-26,34.9083013097903,14.972120116591556,56.981665818558525,40.88315803843413,Stazione Torino
2022-05-27,6.298507652272519,9.053070584113915,47.08164398342583,11.619479623427964,Stazione Napoli
2022-05-28,11.17920271462593,14.274355180022713,39.292164939268744,96.3093605444955,Stazione Torino
2022-05-29,7.021032871555779,18.308152977036013,77.03020145053273,97.3764453627561,Stazione Roma
2022-05-30,34.078711820095634,2.9316747230211337,72.89594393517154,44.50016890894074,Stazione Roma
2022-05-31,-2.1403726572247397,18.383420014475995,38.75687341089079,25.74664780802747,Stazione Torino
2022-06-01,4.759460040863585,8.232529190168734,67.96593846637862,95.85944465253112,Stazione Milano
2022-06-02,20.61568997067507,6.105340197945781,77.55331003982675,81.80573965471908,Stazione Milano
2022-06-03,-7.155657174761621,18.861245212055582,76.39993322219321,72.42286055582319,Stazione Torino
2022-06-04,17.326221830519344,19.813033852127987,35.53677585980169,46.18117872776393,Stazione Napoli
2022-06-05,11.494092629438725,3.977844355348963,71.13076314274657,41.05787014411722,Stazione Napoli
2022-06-06,2.7799989542945482,13.136766939039665,72.96143525301463,77.93492722768518,Stazione Torino
2022-06-07,0.7285976415826099,2.1299062754212073,81.72997602252164,51.961367776462666,Stazione Roma
2022-06-08,13.153073448444054,13.018280077150115,60.4826603318992,66.0582138820808,Stazione Milano
2022-06-09,6.556741124166859,16.546264555516995,57.665640018201444,56.61929816084119,Stazione Milano
2022-06-10,10.543395106819492,13.689970930481351,87.9069794951682,71.21854071513629,Stazione Napoli
2022-06-11,5.186482179390795,8.346662841251915,77.79073534432521,9.410500407840095,Stazione Torino
2022-06-12,33.67221621181899,7.661327191275391,63.523859448389345,37.76210926357868,Stazione Torino
2022-06-13,-3.9952255714478193,7.862448304468341,49.837024278676765,16.70891885098651,Stazione Milano
2022-06-14,-5.643822106973161,11.794236359858463,80.71427976021064,24.20439000235356,Stazione Roma
2022-06-15,5.452627795591223,17.631345401449913,57.32618336786428,20.08242765381808,Stazione Milano
2022-06-16,16.596210539172105,18.581323145375357,35.56111152948964,50.33222993038652,Stazione Torino
2022-06-17,19.66294123325127,1.0705924041463621,57.29425636280639,1.8992988509918707,Stazione Torino
2022-06-18,7.876553622561893,3.632447892913766,82.31810376900879,96.39676020084441,Stazione Milano
2022-06-19,34.9675097264977,2.2444863165657702,56.896928813666726,51.896382640957114,Stazione Napoli
2022-06-20,5.835184828686916,3.8666928153382796,30.860948864421008,5.257151420438899,Stazione Milano
2022-06-21,22.46330005819786,6.932156212183436,66.68911943498819,68.20538403617591,Stazione Napoli
2022-06-22,18.69122125388568,10.130633652452477,89.74980020468392,26.888805009787653,Stazione Napoli
2022-06-23,26.587423846135728,12.589224540183043,79.03491504243071,10.676759258842983,Stazione Milano
2022-06-24,33.9301548554219,14.64284438279403,67.03427679708886,83.03036859749949,Stazione Napoli
2022-06-25,30.040714540049308,17.80223082771614,84.86393320787309,19.79076029143242,Stazione Roma
2022-06-26,24.405288846096887,19.781768744595816,78.81490089906372,10.475426885963135,Stazione Torino
2022-06-27,21.421181501823074,13.257129571142396,59.91836116440243,5.690645260383198,Stazione Torino
2022-06-28,5.097417635415484,16.90729037335526,65.47321712444291,72.8557743534167,Stazione Napoli
2022-06-29,-3.3541489806981692,15.560776938493978,73.8775685521812,65.5271247322768,Stazione Napoli
2022-06-30,-7.18137986230856,6.1506407843742394,80.78556983873187,0.8199140586074072,Stazione Milano
2022-07-01,0.8855766890668164,17.51384540469846,33.490584142602685,22.148054044830367,Stazione Torino
2022-07-02,9.452666653158438,0.8552627589559769,76.48823142966907,70.46820311167495,Stazione Torino
2022-07-03,13.489832313349211,0.007346875029157207,56.85020639869212,15.214085470395233,Stazione Milano
2022-07-04,24.788759932469226,5.474652587769285,69.64791361809245,57.675078312616456,Stazione Napoli
2022-07-05,33.14334153754668,9.241950592548998,75.877980657531,21.31564667521073,Stazione Napoli
2022-07-06,-4.720578382683504,12.767257900013547,62.3701155016469,44.92342848107873,Stazione Napoli
2022-07-07,-5.18481369127938,2.035405330890896,39.51089103482394,86.7423061801781,Stazione Torino
2022-07-08,16.536262535609783,13.460202676696799,54.57160989109596,30.2596427300986,Stazione Roma
2022-07-09,23.542913327628185,16.03631734119389,34.612379625142786,68.59723899252313,Stazione Milano
2022-07-10,28.16676711561432,3.706258391587336,71.35804146931582,43.82812327828012,Stazione Torino
2022-07-11,32.11244360975549,8.302505096635876,87.22237091778501,9.61552543014883,Stazione Roma
2022-07-12,34.254180901728894,10.399699799066195,77.71516873345122,36.06349936518009,Stazione Milano
2022-07-13,7.991076150103666,9.036140361689613,53.38718536722712,84.12800663481076,Stazione Torino
2022-07-14,7.115083258740789,15.996598617769413,65.05748976032966,97.30462422682282,Stazione Milano
2022-07-15,-3.3486095486227434,19.210447962386617,48.252040550812154,84.50816706160053,Stazione Roma
2022-07-16,20.822049740760175,15.979063280163599,62.4627359732979,16.22283907735507,Stazione Roma
2022-07-17,19.55428812983767,1.5598563575164914,48.04361434707842,34.55092984490846,Stazione Milano
2022-07-18,28.792816813304327,16.098711443182545,74.29948540791659,83.11881586067501,Stazione Milano
2022-07-19,-5.6233902345561715,1.3319266447110234,45.56049047922153,55.389593439576544,Stazione Torino
2022-07-20,12.399960852140381,4.7194077048314,87.84122342603366,77.61857971144082,Stazione Torino
2022-07-21,16.148686835242838,3.061937936714456,69.7169239304119,77.778326661679,Stazione Roma
2022-07-22,0.8700668017963284,3.9503821369217085,34.126670861030625,7.108790063011961,Stazione Torino
2022-07-23,-2.393856724187742,10.566302541147012,30.646665810341588,34.24065656010231,Stazione Roma
2022-07-24,28.681137638882966,13.433797152217073,89.82278065230602,47.90215054529672,Stazione Milano
2022-07-25,-7.365928499399855,9.40642564672082,43.23033469294761,94.5224721580388,Stazione Roma
2022-07-26,11.17794067631328,19.19391278058487,48.75376490743065,89.82288010160042,Stazione Napoli
2022-07-27,-4.787469941460162,4.805846400603333,42.504840852126506,42.30319829312198,Stazione Milano
2022-07-28,10.567644259911532,15.262804605095859,85.68610634827094,9.566592748691505,Stazione Torino
2022-07-29,34.09830468540392,17.40364357014297,69.12077158011684,40.45422868803817,Stazione Roma
2022-07-30,9.066785905496275,11.241322215094382,60.26317941336664,53.59033326412808,Stazione Napoli
2022-07-31,28.570621287705528,9.124450039231062,63.45904886955422,90.43971913990313,Stazione Milano
2022-08-01,-4.720799611756275,11.923688935584874,49.07237083795124,29.487926714121706,Stazione Torino
2022-08-02,2.2063434542838856,8.576195403206858,66.85050014183048,30.886414566898736,Stazione Milano
2022-08-03,8.170673330030052,11.103877646467389,55.17602180729591,62.7183234547841,Stazione Roma
2022-08-04,7.991546300419884,8.338679042576032,41.95368878545075,50.5191555071379,Stazione Napoli
2022-08-05,20.21225654015689,8.00939420588268,69.39630598259288,19.586895905880652,Stazione Roma
2022-08-06,5.512315731897845,13.906929362790596,52.430434155552724,14.472724884257937,Stazione Roma
2022-08-07,22.119509078450733,1.857024261359359,77.1039827470297,48.949720980534664,Stazione Napoli
2022-08-08,18.763410465142663,3.3308414545764164,54.92369745057162,77.93909564002804,Stazione Roma
2022-08-09,7.9622515364647874,17.023969434300078,60.49628250277178,77.88312515567874,Stazione Torino
2022-08-10,9.429205744444367,15.421546936303761,77.24798875085378,97.58036873205907,Stazione Milano
2022-08-11,17.65374649146443,5.6290745458878755,56.872685575183866,38.27181981579947,Stazione Torino
2022-08-12,-6.848101443490991,7.545378653315204,87.97326810744987,39.1989326810261,Stazione Napoli
2022-08-13,27.008303226006063,18.52053013256961,77.58172003170671,0.18194947805292294,Stazione Torino
2022-08-14,19.40395225011366,16.361544503477226,79.58582431889872,82.99173651954892,Stazione Roma
2022-08-15,22.685410898802587,12.286925999592617,87.23522800222366,64.66284440680506,Stazione Roma
2022-08-16,14.16153504870757,4.429803576059155,53.33103773059244,76.99221187318909,Stazione Roma
2022-08-17,-5.028530005371487,0.8850394263053918,64.80481585093025,47.062319994480305,Stazione Torino
2022-08-18,8.226602598362746,8.625156936837964,71.61550444773621,92.01934886408648,Stazione Milano
2022-08-19,8.241811228185021,13.452542785149237,70.40750901243784,2.9113797832714394,Stazione Torino
2022-08-20,4.446934551944761,16.56960981035703,87.17620767366117,11.528118273788834,Stazione Milano
2022-08-21,-8.652235379286278,17.053780114845388,47.30091803270007,37.60173349715031,Stazione Napoli
2022-08-22,23.17644091684148,0.6555180258672677,47.481691717559514,8.510590811357211,Stazione Napoli
2022-08-23,-5.059699387187468,4.883140676737588,85.08026412234881,8.788788196507191,Stazione Milano
2022-08-24,17.283865987028832,6.781891769548061,77.95833850359358,56.68726793505451,Stazione Napoli
2022-08-25,21.64478734102471,3.774644219187717,42.20139744417587,21.61220195699175,Stazione Torino
2022-08-26,18.565384532016264,16.059507567276757,64.20281268556606,62.65352105571294,Stazione Torino
2022-08-27,33.161401339008876,15.34931526169885,74.7458240457797,92.93998221452581,Stazione Milano
2022-08-28,-5.3515830211687625,10.336660807619415,51.18218342685054,82.38822097031291,Stazione Milano
2022-08-29,29.02252215973396,19.65852955991711,56.062935073283406,24.84303875538083,Stazione Torino
2022-08-30,-8.686439431798904,2.8811708218168453,64.52379669965359,8.966292611132298,Stazione Torino
2022-08-31,14.071258471718778,17.993034066553378,58.02651345289263,95.01924682159203,Stazione Roma
2022-09-01,8.190962807266644,2.3292650832383233,75.18254340414197,99.44959313733249,Stazione Napoli
2022-09-02,13.588273717719119,3.263634110282414,30.356325220984182,37.44948994651792,Stazione Roma
2022-09-03,6.42949446770044,13.924384005012376,56.07795146346303,46.067726114256104,Stazione Milano
2022-09-04,-1.424488827696937,2.1913938408337863,50.25488251973229,14.533366133006654,Stazione Napoli
2022-09-05,-9.13946961480896,11.316901908374216,66.54984316978961,71.01807927776814,Stazione Roma
2022-09-06,13.316741620602844,8.404670729453072,76.55750651288159,42.183360685284086,Stazione Torino
2022-09-07,27.924958820817906,14.569479310820297,34.56870973209181,80.30151452544094,Stazione Milano
2022-09-08,6.794718008515737,18.013504776177303,39.483584016071546,57.729671142457036,Stazione Torino
2022-09-09,0.02887181067410971,15.397430293381106,69.90489744852201,4.278380916663371,Stazione Milano
2022-09-10,-6.376059843767017,16.993797528423766,74.30414646092501,33.49545405035974,Stazione Torino
2022-09-11,-6.1610084596583485,0.6589089706246476,65.29210662473012,80.85961706701536,Stazione Torino
2022-09-12,-0.03715991682524944,6.203909964884062,88.96820093807558,68.81138813839269,Stazione Torino
2022-09-13,-5.499367258530016,10.308661733726648,59.96768934639448,63.25319473789155,Stazione Roma
2022-09-14,1.9267864264016925,8.31906629259559,38.17754010585862,67.25046423160782,Stazione Torino
2022-09-15,-7.023274204737038,4.625099059593769,71.17746362226481,60.50368756235982,Stazione Roma
2022-09-16,-7.047780975553346,6.1574819592004655,66.12453133168788,64.11243265875744,Stazione Roma
2022-09-17,28.532428083025188,18.908619407832113,65.4252885018158,62.042110464087095,Stazione Napoli
2022-09-18,-2.704588268102505,5.8836175974270315,62.75121811478389,53.342793950465826,Stazione Torino
2022-09-19,15.185708262055158,7.078082203595715,86.34574257297234,75.77471254274131,Stazione Napoli
2022-09-20,24.805499500206373,0.07419547500037371,37.74938380959348,36.94925635212319,Stazione Roma
2022-09-21,10.538430440257997,16.90155254555749,34.3918379114987,47.52383386405016,Stazione Roma
2022-09-22,-3.0984004963294423,3.0968140680315326,39.24703016263919,40.14495569196899,Stazione Milano
2022-09-23,-1.018173604594855,4.0828855102745205,44.69941259429703,20.921049112192748,Stazione Napoli
2022-09-24,9.484289282653133,5.105290341840512,65.57677916618815,32.18889624998843,Stazione Roma
2022-09-25,13.770534013034109,17.692441136896853,66.74551494580406,5.501507760990066,Stazione Napoli
2022-09-26,5.72481314218407,4.129028224926294,43.95611264742506,32.55276339226108,Stazione Napoli
2022-09-27,25.166582010559758,15.950527217358799,59.35352995865625,39.05830929331291,Stazione Napoli
2022-09-28,23.795974198537927,16.16098680645809,58.923711166064095,9.338409764882382,Stazione Milano
2022-09-29,31.72453133179031,18.540411375727917,57.1866459771135,22.045512971209668,Stazione Torino
2022-09-30,-8.697135293786776,2.3112262720062793,78.21271769475949,24.954174744284096,Stazione Roma
2022-10-01,30.306108104459156,4.345579446756627,58.301584192537916,22.74702082086888,Stazione Roma
2022-10-02,7.665595480796796,14.857965841614426,75.50192975736996,35.02217015239493,Stazione Torino
2022-10-03,29.526762292099733,3.920015085614781,39.98886790828789,14.487610506997385,Stazione Roma
2022-10-04,21.08531492704383,5.7265909374689805,61.91804064439008,73.15013568444493,Stazione Milano
2022-10-05,34.43069406832857,3.334831602227253,79.44628656379173,34.26548553177532,Stazione Milano
2022-10-06,24.167710327250063,3.453933723100986,40.66299503497546,12.236523402169796,Stazione Torino
2022-10-07,6.404508169855397,9.631067092564114,57.89533012185974,59.35997813267829,Stazione Torino
2022-10-08,12.547842777563844,2.1936612422591706,66.544758962143,17.96481751174227,Stazione Torino
2022-10-09,6.937511983745807,6.433952369272444,41.08647449023724,5.805632067769373,Stazione Milano
2022-10-10,6.421032620955714,8.53187819197758,75.40593635468419,16.329214202474283,Stazione Roma
2022-10-11,1.7407024721476887,0.49096233047955185,34.73977486777905,41.99948120491419,Stazione Napoli
2022-10-12,12.318663291806132,7.766663329489052,86.78493053446311,69.35089719274357,Stazione Milano
2022-10-13,20.678297528121252,1.8824487217103392,58.09328965308815,64.150088477126,Stazione Napoli
2022-10-14,2.480312208735958,9.871570622923533,50.167385181928594,0.5205979359825141,Stazione Milano
2022-10-15,13.5970914984749,16.514763771141926,37.008420429758424,79.32906525140861,Stazione Milano
2022-10-16,-4.717886762324927,16.368443243635745,55.955798584071886,33.56877784624941,Stazione Torino
2022-10-17,-2.8069620915613918,1.6089703107480102,69.5882417634463,67.97156909555699,Stazione Milano
2022-10-18,-7.893714037951506,12.024555153490404,35.66923674854304,3.2673171706932846,Stazione Roma
2022-10-19,33.68291492467848,16.69172763942473,48.37614571006492,39.37882433723108,Stazione Milano
2022-10-20,-9.82628418203825,4.7594508586927065,80.16105496636266,1.9610501319103024,Stazione Roma
2022-10-21,-1.9639014374054664,15.238530228991982,68.77086153589963,81.63455351451152,Stazione Milano
2022-10-22,17.579003890264655,17.815286929001864,42.38238071145744,18.696718051616436,Stazione Milano
2022-10-23,-6.338368051601261,16.122483028808883,39.65458774758535,67.45479075190917,Stazione Napoli
2022-10-24,29.68534263935745,2.1460206303100904,84.26910157205398,27.70661627261115,Stazione Milano
2022-10-25,22.38290710290297,0.18119999044769797,47.22121328045906,13.535111433764769,Stazione Milano
2022-10-26,33.487548714705206,3.8344821984369126,40.77001013391782,93.02953390465765,Stazione Napoli
2022-10-27,12.843599625834418,5.409546818932465,89.99784111255615,59.50246157866221,Stazione Milano
2022-10-28,3.5181657421319237,12.323659812319189,48.55150966667435,89.06310472988932,Stazione Torino
2022-10-29,14.727525775787214,7.685463504846368,37.48441126856182,30.659940165063915,Stazione Roma
2022-10-30,31.886842278408793,14.06814061322947,57.705457785176826,82.98353336783944,Stazione Torino
2022-10-31,13.434264675883725,7.061499210432172,56.06070661190893,94.16823334062823,Stazione Milano
2022-11-01,2.024316433804339,3.088508493092006,85.60814854981986,39.51838267867882,Stazione Roma
2022-11-02,29.482945512835386,6.253796869720702,38.05229684857828,90.4131051198447,Stazione Milano
2022-11-03,6.73634368306076,17.6864845277827,35.46818436775841,33.508574267910994,Stazione Roma
2022-11-04,-9.937749250045039,19.170646884901295,35.57872025440081,32.45999991272911,Stazione Milano
2022-11-05,1.1458260121542168,4.15025468134737,84.25724794933419,99.57326721950957,Stazione Napoli
2022-11-06,4.320507912967807,15.769367740488827,56.962150677664624,95.24104481773523,Stazione Milano
2022-11-07,28.6449860704356,5.466974730797414,39.03639168931354,22.8618345971475,Stazione Roma
2022-11-08,10.632642517990025,17.74263086862815,65.62980590275743,83.72020270371453,Stazione Milano
2022-11-09,10.006427951508535,3.310912255925109,62.25740133904993,34.24578776409021,Stazione Milano
2022-11-10,5.124601987994932,13.319198373881138,41.90440486493396,97.92433739780269,Stazione Milano
2022-11-11,29.630515537118583,1.6842252942636504,66.18228836558225,84.98176287600633,Stazione Torino
2022-11-12,32.526204962317614,19.47786647947739,50.413874059016734,90.49193013125382,Stazione Roma
2022-11-13,34.63506481195832,14.012666892810856,44.302246063852195,57.36735114895585,Stazione Roma
2022-11-14,6.953357013244403,16.836314788101706,60.62403665394169,29.41513523211804,Stazione Milano
2022-11-15,33.47663505322271,11.333386787260691,47.49895569098325,19.752500637670998,Stazione Milano
2022-11-16,25.634580633390563,9.536027278577205,43.32839530567279,52.78719205461331,Stazione Milano
2022-11-17,20.406011643992006,12.437647827887302,82.78334449798045,67.15157252329823,Stazione Napoli
2022-11-18,1.0200265739044738,10.574830233988962,39.34575459440504,74.17886351237006,Stazione Napoli
2022-11-19,-0.2594232575105586,9.38768710290306,46.83539863708995,17.038321256296285,Stazione Torino
2022-11-20,-2.5278478965439453,15.189005029152856,53.16830279098954,53.58879925710621,Stazione Milano
2022-11-21,31.52404746014144,3.5640190987853626,46.41829861800137,43.610982009521805,Stazione Milano
2022-11-22,3.233449807242474,3.4234409631031704,42.64263855466618,20.822421097781195,Stazione Torino
2022-11-23,10.38924104519953,8.636853012994123,76.26876582327529,55.296231735882394,Stazione Torino
2022-11-24,12.228102529425058,6.41495832089892,49.74096952341489,27.591372180645745,Stazione Milano
2022-11-25,25.017721795261437,1.482490358260482,36.750777461960304,53.50545571095502,Stazione Milano
2022-11-26,27.990573269886085,16.889409848374687,62.453709747401746,20.010934490087728,Stazione Napoli
2022-11-27,-3.741728448312424,15.432056133886995,37.529309834184616,89.99425369158051,Stazione Roma
2022-11-28,9.210696209498316,10.878429996059696,51.451176446455676,33.81028249195906,Stazione Roma
2022-11-29,27.92846995259557,19.586490745287378,82.90960573633703,61.033460265779304,Stazione Roma
2022-11-30,26.81149875901273,1.4520013309521063,52.149671706373184,12.193298741989588,Stazione Torino
2022-12-01,-5.391380869641262,15.3333860205575,67.95053845729501,63.00171925284672,Stazione Milano
2022-12-02,-2.962749300941664,5.327407832181937,60.87753216051787,27.204033929140834,Stazione Torino
2022-12-03,3.688941121973352,7.371978398871509,38.263490746678535,95.65315903711672,Stazione Torino
2022-12-04,-6.608841891249685,4.385587704061351,68.94417586745011,39.41542660413309,Stazione Napoli
2022-12-05,9.109835127826681,15.780757829237304,81.36209981602838,60.74065567118579,Stazione Roma
2022-12-06,-5.157203268268814,2.88480204043132,35.59274844272064,21.581336566329632,Stazione Torino
2022-12-07,15.569791715143026,16.80033395470556,75.22080534778749,86.14762028764001,Stazione Napoli
2022-12-08,1.0950622915020247,13.231552964596677,71.41267689113869,80.43329181204662,Stazione Milano
2022-12-09,16.839487940733022,1.1804649053822946,81.99963449982874,24.56353122757715,Stazione Milano
2022-12-10,-4.711346069336305,16.219634632003068,36.24551592800802,91.10485080061056,Stazione Torino
2022-12-11,33.914774078834,12.555114323259588,48.34172276380073,4.015502203412769,Stazione Roma
2022-12-12,31.96525417358032,18.09964639156683,71.65748923358245,75.25731205167398,Stazione Torino
2022-12-13,7.6308622354099604,14.974446128172765,31.321078733199016,45.78687853426443,Stazione Milano
2022-12-14,0.8980367356738448,11.222418548595495,74.04454066382931,83.5459394476964,Stazione Roma
2022-12-15,1.2679195784107744,16.730943612383953,81.47871474006726,46.548596743600804,Stazione Napoli
2022-12-16,11.752709084107643,5.561004766024443,57.19824314260545,6.558209567040296,Stazione Milano
2022-12-17,-8.200323914467736,10.939001236891272,56.059794205599125,22.654553229584696,Stazione Roma
2022-12-18,18.786729773380713,5.872336396068203,46.70813772416196,99.43748347169384,Stazione Roma
2022-12-19,8.373630875288516,19.364087821810173,30.30311220030524,33.41776027693687,Stazione Torino
2022-12-20,6.9832957664999284,4.523926016840127,41.17821099998136,16.03052170254329,Stazione Milano
2022-12-21,26.42142371701393,0.3147647934092501,88.79184710534227,80.58308258054888,Stazione Torino
2022-12-22,21.90659570824805,6.517096840075924,82.0371646272814,4.5069827390500805,Stazione Torino
2022-12-23,32.94502169267114,10.050187939396093,45.99027832493528,6.640875146876257,Stazione Napoli
2022-12-24,5.837130822306083,0.5672586846015015,87.82493142726278,29.75187794543661,Stazione Napoli
2022-12-25,30.389424409223246,11.184966000678147,52.06275695719715,4.740097463539672,Stazione Napoli
2022-12-26,24.648523381254,17.485655499024602,47.85512248507081,99.57126838923057,Stazione Torino
2022-12-27,6.084109321762085,14.094643888333403,39.16845812699311,69.11288860821325,Stazione Milano
2022-12-28,17.9749446403966,12.459366459566086,84.09666417064045,51.95864408573571,Stazione Torino
2022-12-29,2.985648094326301,19.119235014165024,89.21954946401155,80.51663899562637,Stazione Milano
2022-12-30,29.347996268367908,19.165586676842118,49.644684243160945,66.24868006119337,Stazione Napoli
2022-12-31,-4.940770725445994,16.48532939406457,72.20582540150562,17.326495367589455,Stazione Milano
2023-01-01,-0.4404537417681542,12.15483694771702,50.11820458857328,21.96337996488893,Stazione Torino
2023-01-02,-1.7635018564035487,9.755291189954134,36.299444358327314,86.76942857212914,Stazione Napoli
2023-01-03,8.136170108192989,0.2663222649293462,53.561538412939434,33.69613267738214,Stazione Roma
2023-01-04,23.535483201445814,12.125238124530828,63.09419764567056,44.76403426248784,Stazione Torino
2023-01-05,13.710835207348115,19.781761507137073,37.381005550589656,39.113571212334655,Stazione Roma
2023-01-06,11.94543455921934,16.36202100048058,79.09636648738567,5.202981200504242,Stazione Napoli
2023-01-07,-9.975431579635195,6.812092877687039,59.84178701359737,70.45737172836195,Stazione Torino
2023-01-08,9.143077640977463,3.0409405008884405,44.06297715027438,54.007408078621566,Stazione Milano
2023-01-09,-7.140080132372871,15.681172289343081,65.5655747125766,67.61400818139303,Stazione Napoli
2023-01-10,-0.6286036545332276,14.87875641263483,77.59555836326413,27.823138966714332,Stazione Torino
2023-01-11,31.957727253222245,19.34093583958646,49.65746094311855,40.691390832697685,Stazione Milano
2023-01-12,-0.3070808045542819,17.496847238786778,72.08857946403566,19.264976227164798,Stazione Roma
2023-01-13,28.62519373854181,11.113252505448148,55.67155079884124,41.968263143719774,Stazione Roma
2023-01-14,26.13020172026004,2.025684939294843,87.84307013073607,65.34914117970338,Stazione Milano
2023-01-15,-2.8384193375990723,9.670013167679201,76.2564051961639,94.4689043192468,Stazione Napoli
2023-01-16,17.257038077162548,6.27390108044634,51.38105415132126,66.34571998860078,Stazione Milano
2023-01-17,-4.795215764274401,10.248169640496796,31.064877543705723,52.515972999299876,Stazione Napoli
2023-01-18,22.754967126628017,6.034031492793064,69.45119372282568,41.63672224981614,Stazione Napoli
2023-01-19,18.6858024817493,17.236459839511916,41.87232951509114,10.554968426098032,Stazione Roma
2023-01-20,26.53723527609587,16.886540279656444,37.31275053894797,47.70742969319903,Stazione Torino
2023-01-21,11.572304722513461,6.309303143341118,85.90658708380764,15.510809316064378,Stazione Napoli
2023-01-22,31.168838952502227,11.9916269274799,89.996938212895,58.218718307909015,Stazione Roma
2023-01-23,-7.7792973945202135,8.603617152781082,46.19332923386311,73.0247077610584,Stazione Roma
2023-01-24,3.1799854262156604,18.181855140571265,48.106113129956285,94.64956116881925,Stazione Milano
2023-01-25,22.177366885932514,3.7472180285264556,39.89933635429012,29.685286768796658,Stazione Torino
2023-01-26,8.81491452866004,13.954568035699186,57.46108655577743,39.690553875753295,Stazione Torino
2023-01-27,-2.217189057797963,19.40750655674433,81.95062559014485,18.29519395253323,Stazione Torino
2023-01-28,-5.175516455715429,3.5055103912618035,72.09035712749267,87.79405098804325,Stazione Torino
2023-01-29,26.780260015772967,4.0393285684840645,80.77989348459526,82.40772244494228,Stazione Torino
2023-01-30,11.29143403095399,13.874466773444558,43.70889934041483,77.4959894673236,Stazione Roma
2023-01-31,29.70276523635983,15.583078490498279,73.82736404450881,5.729003854990133,Stazione Torino
2023-02-01,22.99801104425267,9.810981095878654,85.11159770376361,55.67194419749216,Stazione Roma
2023-02-02,8.437679253383461,12.193729302942426,46.88496685286343,23.50135620354691,Stazione Torino
2023-02-03,6.807995637005764,4.253648176236576,71.4392126154711,11.968519672230693,Stazione Torino
2023-02-04,13.203725599306328,9.532284571346521,54.03944470139127,78.16131001833894,Stazione Roma
2023-02-05,30.007697893537788,2.241437617498303,47.41359870953536,21.158137510768192,Stazione Torino
2023-02-06,23.177536087137554,6.428438505513294,88.17740812526097,50.08116982476696,Stazione Napoli
2023-02-07,-9.768116607893955,5.695594100619086,50.91799379809756,52.60963484005408,Stazione Milano
2023-02-08,21.23710331161065,8.892507202048401,36.47098087564124,21.328200403897156,Stazione Napoli
2023-02-09,31.37783331076193,18.60252724487394,53.31535257722014,49.226116632238224,Stazione Roma
2023-02-10,21.97050917770212,3.625353242956848,56.860697457598945,5.2819897599996946,Stazione Torino
2023-02-11,-2.0347398294626835,8.02776493249441,75.13264952995428,0.0072449638492178,Stazione Napoli
2023-02-12,11.75831573423564,12.311944382192895,86.99485601682017,88.03219316643703,Stazione Torino
2023-02-13,-3.685779193446127,18.931141721480035,79.02341902765275,41.55887020861522,Stazione Roma
2023-02-14,6.154787525283442,2.6629638307153636,85.85647867530636,90.74197989533556,Stazione Milano
2023-02-15,32.170266887323294,18.35753233986227,58.503607798495864,49.63073597282596,Stazione Roma
2023-02-16,31.548738840141873,1.6210757726812308,73.15899409418606,43.11082945881648,Stazione Torino
2023-02-17,2.7276583479237306,9.614827943205288,48.542975100744144,29.591214065860726,Stazione Roma
2023-02-18,5.283396987478962,9.091797344609656,34.17522651114108,8.168893759303874,Stazione Roma
2023-02-19,17.009579065908227,4.192054577543911,51.92841151955961,30.969464926452183,Stazione Torino
2023-02-20,33.3438782867171,6.94919336231695,71.87491369969786,60.847026517384165,Stazione Napoli
2023-02-21,-3.348939967057431,9.083305366967963,46.47732661488263,76.27863472229892,Stazione Roma
2023-02-22,1.5612489659001092,17.304229258212583,81.68435373849125,54.082551765384366,Stazione Roma
2023-02-23,29.310057228084716,19.101282907471195,77.44637099897412,75.82558436964189,Stazione Torino
2023-02-24,12.135150426875501,10.378513572743305,41.642552951076176,15.775159165898744,Stazione Roma
2023-02-25,30.45324915021643,17.401995805888436,49.850205749448406,58.32399316791738,Stazione Roma
2023-02-26,-1.6516946114570672,12.163431713535589,79.5181570529455,88.26032270257103,Stazione Roma
2023-02-27,13.970086436211233,6.981746839753509,44.63626737067796,21.79602076408034,Stazione Roma
2023-02-28,4.682133469221757,3.883884152269381,49.896128740027834,22.76689383929903,Stazione Napoli
2023-03-01,4.244415195161421,8.262695435655296,50.584015945385204,74.84325130680506,Stazione Torino
2023-03-02,10.109463377578962,10.456485658476955,78.062521669546,81.20567848487956,Stazione Milano
2023-03-03,9.48848520955708,0.8888677651911236,32.221815936301006,24.804632969409923,Stazione Milano
2023-03-04,6.0806095855079505,2.9168233174170144,34.42721898728486,33.156980418777785,Stazione Milano
2023-03-05,31.17368466420284,12.0036884796288,64.70709288977625,63.17694004506118,Stazione Milano
2023-03-06,22.928488344480172,4.500031893543241,53.826719459764,39.84317131891898,Stazione Napoli
2023-03-07,22.73961460991884,16.74652752162595,67.97311917664246,62.40109701292529,Stazione Roma
2023-03-08,3.046105231637993,6.538844995483812,45.98767657076297,49.64300320967251,Stazione Roma
2023-03-09,15.996924094257817,2.0966841450650175,84.57496064889364,77.3651309078725,Stazione Napoli
2023-03-10,25.06307449858253,1.6706117711063406,75.65651323046737,84.58886469133242,Stazione Torino
2023-03-11,25.801566584444586,18.742460410635594,34.064773233023764,86.38272093051602,Stazione Milano
2023-03-12,5.503870733944051,2.3604062248375834,77.03432863710205,61.15250777298431,Stazione Napoli
2023-03-13,24.68927404558915,2.8181952832412005,88.17494233873508,61.25841045192504,Stazione Napoli
2023-03-14,23.115225356347985,17.25332115865506,86.54613723524838,44.96468988194058,Stazione Torino
2023-03-15,-3.632208147014488,5.085762605546879,74.12902788152687,2.761404496330544,Stazione Torino
2023-03-16,28.967546085491477,13.319028215088322,37.41562520887294,29.918021946326245,Stazione Milano
2023-03-17,9.859466158118487,16.334513740597828,64.56460595042725,6.36977185007408,Stazione Napoli
2023-03-18,11.888470199989946,12.143612802603842,47.05396373042933,43.778524885975315,Stazione Roma
2023-03-19,10.17661305040988,19.14977086895699,88.21277661817484,84.94852489826143,Stazione Napoli
2023-03-20,15.553070066487837,14.177657985216827,73.04914352169656,59.68020177048212,Stazione Milano
2023-03-21,17.952616131517463,2.255030198073167,66.64593538724515,67.5532598269557,Stazione Milano
2023-03-22,12.418080459332455,11.168200530917598,71.70528255628358,18.800797177707494,Stazione Milano
2023-03-23,29.005484446659302,14.363730521783678,56.278747746580834,26.195314970279426,Stazione Torino
2023-03-24,18.248064028787798,16.039144807468904,52.3642050862564,16.313215297289453,Stazione Napoli
2023-03-25,8.064257718748397,0.5264267056818306,86.14797476639785,84.26887622604306,Stazione Torino
2023-03-26,8.751129060891994,14.37757830542849,49.9156280875612,28.031301298749256,Stazione Milano
2023-03-27,26.487737680802816,16.513616420388992,32.48616790396316,56.23263097012292,Stazione Roma
2023-03-28,5.668637423593404,14.936676218707131,54.050409249267446,14.112861301900848,Stazione Milano
2023-03-29,-0.48453418979138974,10.246982913111962,77.42042115730032,12.398890832731169,Stazione Roma
2023-03-30,-7.327756539739484,9.160419261776058,68.90810148293517,34.758336321601746,Stazione Napoli
2023-03-31,29.421208156425834,10.988371665996317,87.73024652867248,33.035315806001734,Stazione Milano
2023-04-01,31.334590303565747,14.09287397653204,36.37211205714826,32.885323381140786,Stazione Milano
2023-04-02,-4.594591802643581,18.45828581264971,84.692778133763,60.09327870197561,Stazione Roma
2023-04-03,5.05131836732517,12.3407042128225,52.130951634843726,31.599015604044446,Stazione Napoli
2023-04-04,-2.108256871814026,17.756686125669393,58.44015512531474,76.87358689747713,Stazione Roma
2023-04-05,-4.784568902835412,14.025136948914547,55.708929269354066,9.067076824664133,Stazione Napoli
2023-04-06,30.49400343500136,1.3667275487769515,36.98713686554649,32.47858577376286,Stazione Roma
2023-04-07,-7.440523338459004,10.016563800032436,44.867787343511324,66.91931285020627,Stazione Roma
2023-04-08,34.12185485610531,5.729726966304847,74.53629415378751,60.293211047753005,Stazione Torino
2023-04-09,-5.659711268617712,5.703498562651445,31.380452510741712,11.951561836705537,Stazione Milano
2023-04-10,28.856179213711357,7.118551024319684,38.033266463176474,43.947349313483755,Stazione Roma
2023-04-11,15.492774814512323,6.294655440009516,31.512610127481004,30.922146287453668,Stazione Napoli
2023-04-12,6.556286951804303,11.572199602342003,81.44328343941295,63.18704323147726,Stazione Roma
2023-04-13,5.405406948132104,13.672030007071141,67.03948966690677,12.987027957280361,Stazione Napoli
2023-04-14,24.081386445696893,5.374987741534709,40.19571972711353,67.05659229837076,Stazione Roma
2023-04-15,4.155798275192925,2.5952524513676267,76.12633338322522,46.38325312697897,Stazione Torino
2023-04-16,19.57935124777138,1.176174418689242,88.00803584709323,27.488998791925702,Stazione Torino
2023-04-17,13.279673758223606,11.515056900611045,86.07362247180109,74.7443993664076,Stazione Torino
2023-04-18,11.823454032113172,3.722603326660048,85.29285286872991,18.790985531324612,Stazione Milano
2023-04-19,30.552297679212273,0.18495988447398748,30.468612924344594,15.223793856305178,Stazione Roma
2023-04-20,14.959027637911682,18.555061586474082,65.3408093391167,1.5355936564545813,Stazione Napoli
2023-04-21,27.208772137191275,10.742808381664812,45.397956998341755,86.1300356312702,Stazione Torino
2023-04-22,22.650809034567025,1.8489636049394553,63.87883285859152,49.236554071343775,Stazione Napoli
2023-04-23,-8.264923927345073,16.858422242549707,49.08181734963328,51.67156093215455,Stazione Milano
2023-04-24,24.78995236274386,19.664054765802362,39.21999256635676,11.476261670583533,Stazione Napoli
2023-04-25,-0.24083874590317045,8.972013240354343,56.6696234015008,10.777613604762736,Stazione Torino
2023-04-26,30.64173410832072,0.8497921647631634,59.705779630582406,33.37834048947029,Stazione Torino
2023-04-27,-8.068411422602559,2.35091881512127,89.38593041085747,51.62306440186114,Stazione Milano
2023-04-28,4.988241551344345,7.633074932908643,32.54327304831241,70.08722190433495,Stazione Roma
2023-04-29,-5.51201737443607,17.71045274897754,48.069311933836595,49.92703565129284,Stazione Napoli
2023-04-30,11.401510268817969,2.960773585555241,81.11363070529936,83.15584310390406,Stazione Milano
2023-05-01,26.90100961413883,16.47980188005391,69.58172988756257,37.7392331746989,Stazione Roma
2023-05-02,3.4184311848378837,0.29952520438038865,79.60098191075375,2.8087991954701463,Stazione Roma
2023-05-03,-3.207929621003128,9.14777397571622,69.61745511358667,42.615227502611276,Stazione Milano
2023-05-04,4.862016606360463,12.887942819011363,75.57217854876797,8.500262931736602,Stazione Milano
2023-05-05,26.624606386428617,1.207589640511928,59.57530499982344,32.205442736369164,Stazione Roma
2023-05-06,-3.6827218990293904,12.295255012329733,42.29266157385585,98.51546831184075,Stazione Roma
2023-05-07,0.23131020848758155,18.888082429391122,78.60023165023199,85.73542571210433,Stazione Milano
2023-05-08,-6.901661597798173,3.2051984027319014,64.06923927983814,23.6455713158939,Stazione Milano
2023-05-09,21.756951979532346,14.592227660707056,38.37031162720978,37.59624313127088,Stazione Roma
2023-05-10,7.785495959135158,12.181877958870867,78.29364161225197,43.11651309443108,Stazione Torino
2023-05-11,3.9877989714492212,3.702327777584611,87.5151546217547,76.38683777001857,Stazione Roma
2023-05-12,22.338187565351838,0.12406829418732057,50.76983235770795,3.345712782056509,Stazione Napoli
2023-05-13,5.118989405311485,0.18568901011854155,47.61073512518661,3.8622770027903375,Stazione Napoli
2023-05-14,22.749707294648815,10.641848183440572,34.90651069245396,11.711786752871545,Stazione Milano
2023-05-15,26.683972789144107,18.85558819122387,69.86947358696494,62.83249825850742,Stazione Torino
2023-05-16,-0.2051720444017704,12.885972549312248,87.5376971097898,41.45466172444473,Stazione Milano
2023-05-17,33.82184135806925,14.285996925874873,38.159561399496454,84.89256287623338,Stazione Torino
2023-05-18,-2.6938923439299947,9.877309738410743,59.109577879158934,28.405789022783722,Stazione Roma
2023-05-19,3.0878407995534154,11.637778852691396,35.89429107919487,48.925202980943375,Stazione Torino
2023-05-20,-1.9092119124906262,2.5273505066120694,32.04659422258895,70.67857215297443,Stazione Roma
2023-05-21,5.54775453603505,17.536412408012616,69.87006304005872,54.52011971650093,Stazione Milano
2023-05-22,11.602739951934002,15.215852573336036,82.06123052060988,31.679997775695934,Stazione Milano
2023-05-23,13.497914105095358,19.963979056892192,50.25423216756178,15.25427686133508,Stazione Milano
2023-05-24,28.41227190333224,5.954458951112427,82.54591046460595,54.060341862441206,Stazione Milano
2023-05-25,30.025155896713997,4.540355435921157,37.02318594906191,14.215650226214827,Stazione Roma
2023-05-26,-0.0953262648592137,2.5032331592268586,44.27764091504857,93.93044596914456,Stazione Torino
2023-05-27,18.03023144835886,19.284195132320896,84.0964036144031,53.989061061064035,Stazione Napoli
2023-05-28,-4.982677421557798,15.617703692560472,60.510593621440215,17.491530485692618,Stazione Napoli
2023-05-29,10.653643708193073,3.326492274392774,66.49154302782145,72.06425469169075,Stazione Milano
2023-05-30,4.505009212097816,11.053729422164277,32.28109395255048,10.354719431977221,Stazione Milano
2023-05-31,4.242533545412288,8.275364161345536,37.70339460887334,77.16447899740201,Stazione Napoli
2023-06-01,11.716290877044546,3.0297201561238563,33.34744875005119,45.728911107904366,Stazione Roma
2023-06-02,22.842243598817042,3.2414597005993095,84.30004439698016,13.266195551253201,Stazione Roma
2023-06-03,-6.886780354342473,19.269399894903714,38.08769783225682,3.7211036308801515,Stazione Torino
2023-06-04,29.5628001959332,6.099283659154445,80.98036959652526,99.3377993689905,Stazione Torino
2023-06-05,23.066619858375248,18.828785833678864,51.062081962347186,27.43682900876313,Stazione Milano
2023-06-06,-2.057527499992294,1.512213461301688,78.03584978194681,95.22486220717062,Stazione Milano
2023-06-07,32.262240908931666,9.216060845863812,51.90261284740484,50.183633673705074,Stazione Napoli
2023-06-08,12.784050081052488,2.592380970335202,46.06104238157259,50.30153839254815,Stazione Torino
2023-06-09,34.99138601526344,0.09574770482344341,35.619642071343435,9.10697183721334,Stazione Milano
2023-06-10,-1.1233236564668054,11.07532147412153,46.84239543444802,95.0705818837975,Stazione Napoli
2023-06-11,14.07086892724406,2.2778820962272683,58.2887830030368,73.28958645500869,Stazione Roma
2023-06-12,3.061161915196779,14.440490618673593,79.05052793380773,51.87278381595512,Stazione Torino
2023-06-13,3.687810082516096,13.962327514137991,57.150897286121875,12.025713907388603,Stazione Milano
2023-06-14,16.597942137529557,3.526658149289783,88.28613449625705,17.567656948828546,Stazione Torino
2023-06-15,31.477358009187498,18.834842865310332,62.497980651289375,43.21666051417837,Stazione Torino
2023-06-16,26.236873501062874,14.420868168649791,31.496737788686605,36.22588207322169,Stazione Napoli
2023-06-17,22.577362932559666,5.959405283138599,54.922038011476346,55.81380068713327,Stazione Milano
2023-06-18,15.1628201945766,14.184675279015813,71.33394644319083,7.634397475720878,Stazione Torino
2023-06-19,31.50343266503515,14.638605553630718,44.05749877498948,4.034601931833981,Stazione Torino
2023-06-20,12.156263301089787,6.844526625019212,71.91779705088953,51.11030866900542,Stazione Milano
2023-06-21,29.322448025062315,7.511771249229184,60.22183831089097,2.8501380929072284,Stazione Torino
2023-06-22,27.529173974448426,7.1821301530660016,31.544266534986917,5.95519540101761,Stazione Napoli
2023-06-23,-0.3774093939286054,12.332368871041481,76.46117696881234,37.63414581904063,Stazione Torino
2023-06-24,24.705145833465963,18.008202930803588,63.622422228844506,6.177906973480196,Stazione Milano
2023-06-25,-9.452297937553356,3.4638647245717524,34.949610184865605,38.54696266163501,Stazione Napoli
2023-06-26,4.527329189663938,17.50399219672637,58.51284200773638,24.175051590943642,Stazione Torino
2023-06-27,0.33053501113774075,0.55306313010685,47.2375729064848,18.777029710908767,Stazione Milano
2023-06-28,12.808833131929106,13.20677191956445,82.78089255527598,40.46798314862629,Stazione Milano
2023-06-29,23.15839227563535,8.288777463793885,47.095623168434926,11.990390563125708,Stazione Milano
2023-06-30,-5.604563464852415,15.825631044649874,86.50122425845194,34.963936711927076,Stazione Torino
2023-07-01,13.17149908715458,14.42396225861806,62.76796496082675,43.48736293666029,Stazione Napoli
2023-07-02,32.22854097624735,9.602156142903679,49.41682257280328,83.00029469601378,Stazione Torino
2023-07-03,0.2890947942325486,12.877280734451935,78.81270104505464,93.28061824822223,Stazione Milano
2023-07-04,20.471351485014086,10.035462613998904,71.84402270194596,30.833843446623256,Stazione Roma
2023-07-05,16.67961218515209,16.230369412437664,54.83774974175277,29.26420497404363,Stazione Napoli
2023-07-06,-9.5471336954758,9.52167971936464,67.77709816239559,56.651827427121816,Stazione Roma
2023-07-07,11.412178813575025,10.463119799841516,76.71505584169688,13.741442640032385,Stazione Roma
2023-07-08,21.89466759234719,5.010411728343572,81.09346765700936,34.971218472805745,Stazione Napoli
2023-07-09,-8.021105558915924,12.100860336209447,78.98476282284382,5.321637916190736,Stazione Napoli
2023-07-10,29.578466736067853,6.0580961733967005,39.964625315605076,37.90681437821276,Stazione Torino
2023-07-11,13.40366374860529,11.545680290859641,79.70337315021513,11.415134572311047,Stazione Roma
2023-07-12,-8.620252825342693,3.3935623114813973,33.51774353302633,56.1812911802296,Stazione Torino
2023-07-13,0.09861253643780898,3.189381846823176,42.010240893034116,64.15937343956617,Stazione Torino
2023-07-14,32.91540633922909,8.34059482383987,67.37560320395934,98.70915366766958,Stazione Torino
2023-07-15,16.20438798734249,8.536390302210817,36.88155152681426,19.513866225944,Stazione Napoli
2023-07-16,-5.163734450403796,5.362185298250781,66.20085570337201,20.72021488024639,Stazione Roma
2023-07-17,2.939502602625268,2.6319370073338,48.47794148181383,94.74195185897652,Stazione Milano
2023-07-18,10.551663163721788,0.7842107842779411,55.7679951092789,86.46408384568184,Stazione Napoli
2023-07-19,-9.057246882952128,0.5046365457563229,48.90909020672868,61.60540494372189,Stazione Napoli
2023-07-20,8.522698112619146,5.431005800129514,34.21041407189427,84.1407236750209,Stazione Roma
2023-07-21,12.025638594561418,9.237068843238742,60.04552517531766,20.969214472148845,Stazione Roma
2023-07-22,0.9655043876554483,14.52486562612254,87.81596666369325,87.4028822863436,Stazione Roma
2023-07-23,16.488755013139397,9.497434014280179,66.70700088960763,86.73075096746405,Stazione Roma
2023-07-24,23.89580538164796,18.081016388705635,48.001912297027516,24.811224848006262,Stazione Roma
2023-07-25,0.6125400847535971,0.7043960915081415,87.36899004744114,50.837331425987976,Stazione Milano
2023-07-26,17.922495512599447,3.6132124308126867,53.35423511713364,92.97742638910044,Stazione Torino
2023-07-27,18.78300093336837,6.770289855402853,71.85106403213061,67.91499961674852,Stazione Torino
2023-07-28,32.684313550797846,11.54992376130245,68.04676829534665,66.05191053207406,Stazione Napoli
2023-07-29,25.022427528339968,17.054723157878847,87.1746508823311,55.97646005643659,Stazione Torino
2023-07-30,28.17553714055027,7.004039039131529,84.87616166969022,26.88315646932502,Stazione Torino
2023-07-31,12.068895879632382,5.3597736500884015,38.880243381001875,97.84153715112589,Stazione Torino
2023-08-01,-1.659313585927773,1.237783376857915,35.141152483765346,44.750964562218286,Stazione Milano
2023-08-02,34.81168818318358,16.42606955396208,78.57853966792977,31.145009655296384,Stazione Milano
2023-08-03,-4.1789907532585175,7.593328864133579,84.29659279780938,72.85807096817771,Stazione Torino
2023-08-04,11.215579370941942,11.431003908338687,59.578416235373965,60.770481326046756,Stazione Roma
2023-08-05,-6.935810534105203,19.67110836342441,71.44567643002651,34.22413082046126,Stazione Torino
2023-08-06,32.47328858078688,0.031891412085891524,34.18729681070509,30.379159085703733,Stazione Roma
2023-08-07,33.42162233817978,2.9090028139773194,43.188263871388315,21.450668516253234,Stazione Napoli
2023-08-08,22.37250779017881,15.58221988038711,38.96257167940327,7.848643674025945,Stazione Roma
2023-08-09,5.749677963357602,16.102549704156758,66.06963501300204,62.57109065192588,Stazione Milano
2023-08-10,1.4472080502930957,15.384942380655108,41.85239362596643,50.56936381437552,Stazione Napoli
2023-08-11,1.938649604167134,10.739977820856586,33.59077893305104,23.484841075284614,Stazione Milano
2023-08-12,-4.271768856096637,19.57713962046112,48.13243696416065,5.512452558336268,Stazione Milano
2023-08-13,13.661402888452532,7.923691199906411,70.63274574683717,1.8901068263763698,Stazione Milano
2023-08-14,-3.6182225934335124,12.038873962262247,64.67182345571126,73.84959296651174,Stazione Torino
2023-08-15,4.252879994905532,1.2673800909769661,49.84349792967815,18.825318915517,Stazione Milano
2023-08-16,18.20179141815972,8.197148998146774,80.00873255060259,26.664361938950666,Stazione Milano
2023-08-17,22.73946243158374,14.45000175019844,46.57614648072538,1.411219378059636,Stazione Milano
2023-08-18,-8.907728292007246,4.774776815413986,45.632858301940956,15.063905483217887,Stazione Torino
2023-08-19,9.355219296953297,18.876551781462968,63.59684464737529,87.44457175624959,Stazione Torino
2023-08-20,19.345606767896257,13.735667352865782,58.692938390746534,24.206083474245776,Stazione Milano
2023-08-21,28.39606892713308,5.7515076571514285,56.75835963602164,95.39581984830721,Stazione Milano
2023-08-22,11.389615199543709,15.379978454117127,39.34713713724403,16.434683840013896,Stazione Napoli
2023-08-23,33.614264227295834,1.6632954361621821,60.27877149797946,25.326145865964435,Stazione Milano
2023-08-24,1.9534646393651265,19.49548845020913,45.541135036526654,86.77099684769925,Stazione Roma
2023-08-25,-9.392108201797651,0.9857051814711704,53.53079295714092,42.66083386918211,Stazione Torino
2023-08-26,11.768878911578128,18.669117822974364,74.01422686023638,26.782893919360585,Stazione Napoli
2023-08-27,1.5251207759008079,5.057077554965224,86.21176953356134,69.28137627201797,Stazione Roma
2023-08-28,27.067295241042622,15.156482153817809,76.43177791135946,5.122840398223982,Stazione Milano
2023-08-29,0.474770248150044,0.0014739886621217835,54.33803367739583,89.06051765785045,Stazione Napoli
2023-08-30,3.978314823108784,5.0848017835919945,65.58198835972584,84.15615453566596,Stazione Napoli
2023-08-31,25.60523439586005,14.982012132994399,74.78986895254224,8.579703513243587,Stazione Torino
2023-09-01,22.181446341141196,10.646721417946445,54.85326300575349,79.86187466244947,Stazione Roma
2023-09-02,15.112305649576815,2.2990429927422973,51.61488952873806,96.11704418831957,Stazione Napoli
2023-09-03,21.72266278652418,7.872594916745506,38.114597757351795,49.206961915489345,Stazione Torino
2023-09-04,8.838658860651194,7.510987101690851,74.17564808855253,56.81533501260378,Stazione Roma
2023-09-05,-9.76104785733995,11.363244883618997,80.3105154484575,67.97967402259275,Stazione Torino
2023-09-06,-9.489019216951334,13.359541449204356,48.99506466179717,26.6726943216011,Stazione Torino
2023-09-07,13.004980440815899,16.816604848245,77.01046593855212,64.96612589883748,Stazione Napoli
2023-09-08,-6.251905912645034,9.944627939547452,66.61278350021925,47.48675001029421,Stazione Torino
2023-09-09,-7.701603392383445,7.840434346103402,77.04498278419464,40.554180461357824,Stazione Napoli
2023-09-10,33.4482487611863,2.879530681907634,54.68024298897986,90.28015595875048,Stazione Milano
2023-09-11,28.655118784612633,16.096459299794446,74.8545818189764,79.7903109948484,Stazione Milano
2023-09-12,-3.1587747755693716,14.2674081082912,54.51054707385756,93.4607628203627,Stazione Milano
2023-09-13,-9.970110163440799,8.173547949093706,35.32547912516718,83.66518248871061,Stazione Milano
2023-09-14,32.37505079253904,10.368646198853389,63.034735088096646,4.181060115330137,Stazione Roma
2023-09-15,2.524638424405145,13.303656888237775,57.25972358331874,60.65293910758234,Stazione Napoli
2023-09-16,-1.634607871502613,3.296111796950756,45.172793232094634,69.76368815154709,Stazione Napoli
2023-09-17,21.117864852419086,0.543955888158405,83.52680009800615,66.48574757163,Stazione Milano
2023-09-18,-5.099331752140321,6.350073983733708,52.97119833216007,27.195643475835073,Stazione Torino
2023-09-19,1.9092319101260138,11.911700392723262,32.34756668593688,42.56303514649916,Stazione Napoli
2023-09-20,33.879260609542094,9.732121825629175,52.92814441215542,3.902913808359587,Stazione Milano
2023-09-21,18.775824851330462,13.851092537262542,55.470588474022186,9.409412769567327,Stazione Torino
2023-09-22,13.430500616714909,16.393796111490705,81.69826339164959,56.05119006191839,Stazione Milano
2023-09-23,7.906337667572199,9.768849334605518,77.95099248630261,58.241176446558015,Stazione Napoli
2023-09-24,24.85254296978909,2.685340474356497,41.997995154475454,20.12292906236388,Stazione Milano
2023-09-25,-3.656913556433782,17.012559995979316,80.34175355753226,44.82027237415463,Stazione Torino
2023-09-26,33.530201091664196,11.499806545482286,44.87563369521991,47.20772597486616,Stazione Roma
2023-09-27,28.7505353629604,14.798749615657414,50.51604888985758,1.1336777535180254,Stazione Milano
2023-09-28,17.79456421561595,14.093293072165832,34.60910723864948,14.252078330249295,Stazione Milano
2023-09-29,-8.069221431884882,19.364235426624834,33.32137878806183,62.430005728267865,Stazione Roma
2023-09-30,21.5385042251482,5.906146446716278,70.85160724866824,99.2820107797617,Stazione Torino
2023-10-01,31.097795339846634,14.10613545558524,85.40046507130398,65.03917479374361,Stazione Milano
2023-10-02,13.605968036538169,7.313526662518366,59.581011254269725,12.021666718785994,Stazione Milano
2023-10-03,5.940116982226826,7.908214418372834,80.64562271751498,82.14402970991065,Stazione Torino
2023-10-04,-4.587519475923867,4.61189273317443,77.62507498155921,43.15377211815841,Stazione Milano
2023-10-05,23.970549686190573,6.8802035130170776,69.88072340287977,8.370020921444421,Stazione Torino
2023-10-06,29.825983304531277,18.965935033165263,88.69373586706672,59.98245833260225,Stazione Roma
2023-10-07,-5.488671516586814,5.851416938952019,78.13127525258315,22.804609816491894,Stazione Torino
2023-10-08,24.154304963855388,4.919812119131734,46.49066365285569,41.67817473795294,Stazione Milano
2023-10-09,-9.232278118340613,11.662759569476439,77.34085477326647,31.82942498743513,Stazione Torino
2023-10-10,33.51747131347488,5.160719134835093,71.55969877703421,64.28539475072395,Stazione Milano
2023-10-11,17.677610928579327,9.467714511885902,53.9712267981811,43.1034672806622,Stazione Napoli
2023-10-12,14.859757654623493,16.68352513112474,34.6078482136269,10.398209321647645,Stazione Roma
2023-10-13,3.3177425115017503,4.608006286143511,42.861571777085985,21.56755661320542,Stazione Roma
2023-10-14,31.818125220640255,8.5338282436784,77.8342734986013,50.044527363806154,Stazione Torino
2023-10-15,1.9657532301555953,12.209794700400638,44.90911728816295,78.91842270707598,Stazione Roma
2023-10-16,27.266597594751268,10.91257849146971,89.87147898140088,0.9743265237635246,Stazione Milano
2023-10-17,34.32989057017094,19.494464748304743,71.63928839931268,61.24272839894,Stazione Roma
2023-10-18,25.25284904816626,13.607405087903901,58.63334884305647,11.588175867566619,Stazione Roma
2023-10-19,13.354546417389429,14.798924840968796,64.22620141271562,60.40494237681695,Stazione Milano
2023-10-20,-7.026658126674763,19.339118959334666,66.65236341248617,83.6807635478249,Stazione Napoli
2023-10-21,11.258620512698286,8.288760504570421,88.1366892019574,22.848296647693502,Stazione Torino
2023-10-22,9.721517613726661,7.107596301221024,39.70447167789117,49.55147524772677,Stazione Roma
2023-10-23,-0.8741781465852139,0.877248595327651,46.34374815964527,77.4052925844535,Stazione Roma
2023-10-24,9.061443652143701,3.6840861303765426,72.5754628782746,17.557747925462063,Stazione Roma
2023-10-25,6.0991047836152426,4.743792641033517,44.39147898861393,15.256114270196154,Stazione Roma
2023-10-26,-2.6342082481758187,3.67008934142677,82.27782973212301,90.50458686392602,Stazione Milano
2023-10-27,9.861836449961878,15.09567786393129,50.79205053948712,69.46466513738964,Stazione Roma
2023-10-28,1.8259980346020068,10.717659625522234,40.85036399494915,73.65733630422217,Stazione Milano
2023-10-29,13.492808930701898,13.352676029169345,32.85724565098911,84.39686276120403,Stazione Torino
2023-10-30,-8.417797312771262,16.409243216787473,65.735702419077,53.942578088501136,Stazione Milano
2023-10-31,30.780413890427788,4.615478825717894,79.51693137327311,48.84054991924638,Stazione Torino
2023-11-01,26.736393748393525,6.518478796429983,46.427586668927475,55.62573515833802,Stazione Napoli
2023-11-02,14.866159962972706,14.167205340731936,85.05236917552922,71.70179689321408,Stazione Roma
2023-11-03,28.331386224075942,7.855178918089456,75.46405620708029,39.09373051522614,Stazione Roma
2023-11-04,33.30777832148602,0.5854188020208828,33.67804094992708,9.516824671698387,Stazione Roma
2023-11-05,-5.026496767630275,8.699104380537559,64.357979800485,13.559688458288466,Stazione Napoli
2023-11-06,18.38743137844117,18.165461728308287,64.04645641951595,97.39029580424035,Stazione Roma
2023-11-07,34.909730042104634,8.180430231857494,42.14233829615881,5.1717662340782455,Stazione Torino
2023-11-08,34.455012620008674,6.64497832885494,50.072662719943295,71.16193374491492,Stazione Milano
2023-11-09,17.149534653083506,19.790501658900542,57.49673361502573,94.36815284210033,Stazione Roma
2023-11-10,-4.2390608297132495,12.888311284740263,32.884669274245105,12.925954724058307,Stazione Napoli
2023-11-11,16.24367739457377,7.319960529423617,38.98658455715327,72.22643778520782,Stazione Roma
2023-11-12,-9.907091399151023,2.0403906272761474,39.84026334663352,30.245659798031067,Stazione Napoli
2023-11-13,-1.0489899399913174,15.756988898928423,52.75414526738345,23.69650183111639,Stazione Roma
2023-11-14,33.0255421801982,14.161498669755153,74.84144752059483,85.26226082130755,Stazione Napoli
2023-11-15,4.869825767127974,18.438315984971297,79.87821954583553,90.93536915859838,Stazione Roma
2023-11-16,18.727554759962686,4.345512600560166,39.77094276102233,34.70505093923801,Stazione Roma
2023-11-17,2.6386772584509206,2.2984869997646395,75.11436216040619,63.264753670926744,Stazione Torino
2023-11-18,32.651984920021526,14.481450528181272,70.24259750329017,17.59376343344612,Stazione Napoli
2023-11-19,22.785142847726902,4.067916839973913,83.4412435148327,78.97594364262527,Stazione Torino
2023-11-20,4.834302091163568,3.5220767557899224,88.12747523671031,88.12398878757064,Stazione Roma
2023-11-21,25.62926395311669,6.396146707921442,37.46763652859646,31.867235218152867,Stazione Napoli
2023-11-22,-5.1325513985648055,16.336502829568754,34.840431685249,65.29669842474817,Stazione Torino
2023-11-23,7.654352302945675,10.790732102192615,77.98380773712056,87.64176978914925,Stazione Roma
2023-11-24,-0.045184252078344755,0.9170071020456194,39.7302523851515,1.537490624975646,Stazione Torino
2023-11-25,20.76769012742208,9.277893493186344,41.67447145543241,85.5735262079755,Stazione Milano
2023-11-26,-5.389917320263133,13.679592227329504,82.9221553515496,57.21143441720545,Stazione Napoli
2023-11-27,7.8661624527203315,10.767368769380315,86.3378938261515,41.40153847751511,Stazione Napoli
2023-11-28,2.4492378594135324,11.449004363131118,49.108274635378436,52.26158468487513,Stazione Roma
2023-11-29,12.785431369571185,4.495546567853292,80.53008602627963,82.40620080619921,Stazione Torino
2023-11-30,5.745395622674552,16.954786631906963,81.53141457381906,72.21295495500296,Stazione Torino
2023-12-01,21.788475995015496,11.227974351822482,66.32342883012217,50.12648506822494,Stazione Torino
2023-12-02,-8.894033906186527,14.264920260813533,63.9653068837887,48.765232593742205,Stazione Milano
2023-12-03,18.52941145876584,19.63728434026605,64.55030455473658,89.92577126953837,Stazione Napoli
2023-12-04,0.3757080362219014,8.563973153490643,48.07735125856337,23.23422036036078,Stazione Milano
2023-12-05,2.0919062940582194,17.62133225353017,67.13202233633945,9.570169580913968,Stazione Torino
2023-12-06,26.011502161258562,0.14562027882250028,44.614816266514204,67.86381186954318,Stazione Napoli
2023-12-07,33.00057772911894,0.668145852302402,40.657937404536526,70.22117122057644,Stazione Roma
2023-12-08,4.244759451218897,11.80559843457634,54.77702726544038,56.83860268209586,Stazione Milano
2023-12-09,27.206237166608403,6.228987910844013,72.3468253790661,26.253654507815604,Stazione Torino
2023-12-10,-5.32041229129451,4.965531340394005,67.28566124108787,29.595306040476633,Stazione Milano
2023-12-11,18.529174385332244,5.558707144179172,87.89292476038216,61.7043228861707,Stazione Torino
2023-12-12,23.796453479071346,6.368058692211751,68.78735468194336,27.29583423480324,Stazione Torino
2023-12-13,-2.9809932384494555,14.578953922868457,38.47884298775523,49.962121240094085,Stazione Torino
2023-12-14,9.170107445130224,11.38391944461889,39.673092797551085,33.20743498845871,Stazione Napoli
2023-12-15,30.171822391204167,15.78071945118667,35.58402840466993,51.04381761346494,Stazione Milano
2023-12-16,-5.338969144823252,16.603931596701038,41.47042589982078,22.93638996894345,Stazione Torino
2023-12-17,-9.185663880933618,16.85869718602564,65.87705404074725,19.806047831528318,Stazione Torino
2023-12-18,16.576342057157017,8.292882983497751,80.29718850088892,73.39983398129095,Stazione Roma
2023-12-19,9.598919323892005,8.425467926328217,83.63205912404743,38.57275373604065,Stazione Milano
2023-12-20,25.941016199775618,18.52531760281168,54.00263320110291,23.256619116471445,Stazione Milano
2023-12-21,31.555499219184796,13.23527189208821,63.5149817152339,85.84204014821601,Stazione Roma
2023-12-22,3.4619140044717245,1.6093436795827754,78.5519755290488,40.17004765201963,Stazione Torino
2023-12-23,7.478185272609739,10.843739081849366,48.724231271710146,11.587016526054772,Stazione Milano
2023-12-24,11.882243884819168,7.120145192698139,65.7401402663217,70.80479638455523,Stazione Milano
2023-12-25,16.466815719588467,19.748699794327262,40.44495066321994,27.99719892417042,Stazione Roma
2023-12-26,34.273422335672755,0.2731081292458515,58.592420431085685,56.52422453590413,Stazione Roma
2023-12-27,21.37986128735232,12.24361746141116,40.3843356218081,62.36930402621592,Stazione Milano
2023-12-28,7.529682830550595,14.472461887977161,57.74558341794874,96.25743710919204,Stazione Roma
2023-12-29,1.8695458902707944,5.778135427147104,53.80918150605477,19.11012006151671,Stazione Milano
2023-12-30,32.50815732899558,19.47283036513064,55.995889410029605,28.417205727033835,Stazione Torino
2023-12-31,-3.9003205101172123,17.190732540434226,44.62273356639108,93.22198320783205,Stazione Torino
2024-01-01,22.41196336271411,18.313056819716248,38.162600542710365,71.82929063140008,Stazione Napoli
2024-01-02,31.64277613815983,0.3846411870309696,46.53991967519313,44.933099697521214,Stazione Napoli
2024-01-03,19.909951394049738,11.397443026296179,44.37480235463455,73.47733972292893,Stazione Torino
2024-01-04,9.03744980747545,5.893004839090934,74.05777215506698,41.33851232096328,Stazione Milano
2024-01-05,-1.04540770335322,16.98057269871326,73.01850437889277,41.00515213789782,Stazione Milano
2024-01-06,6.536389501336725,12.65699313829925,65.06897962585634,15.641675422411383,Stazione Milano
2024-01-07,21.809231423905494,10.777540086422196,35.48002789012651,52.20482465927828,Stazione Roma
2024-01-08,19.229040087888357,2.291763393512114,63.97571125680198,26.266441418502783,Stazione Milano
2024-01-09,31.758927496926106,10.804456095723815,34.754221556435866,63.35934359532995,Stazione Torino
2024-01-10,29.00874111467187,12.638082927128533,31.09038115657427,39.860618283936454,Stazione Roma
2024-01-11,26.726783851986575,19.11824618620409,51.155766908259345,85.37210327292983,Stazione Torino
2024-01-12,31.015289390784304,11.701020208477392,44.43269514383397,77.13625911305236,Stazione Roma
2024-01-13,2.4351718731672225,19.34801203491309,65.67886088598256,14.793323319355911,Stazione Milano
2024-01-14,6.628559306284227,19.232122312133242,85.71854928417682,59.10919631856151,Stazione Napoli
2024-01-15,7.095225670370784,13.004006716671949,73.19112166627153,71.37406204838045,Stazione Torino
2024-01-16,15.220276491940112,10.118159682361775,76.04165171825923,51.44409116098255,Stazione Milano
2024-01-17,20.069820329424694,9.320434876520986,87.05358662223736,11.394728199082904,Stazione Napoli
2024-01-18,2.902250736817745,17.80757122231565,68.04546485379406,50.32473941239355,Stazione Roma
2024-01-19,-9.124188971081484,0.5651336594351353,64.66385648458953,43.28989896562977,Stazione Napoli
2024-01-20,7.965007264605919,2.276163960471431,66.1120785571625,32.57544359864233,Stazione Milano
2024-01-21,3.883758179948021,2.041434582383037,81.94831539404795,58.253557154614676,Stazione Napoli
2024-01-22,32.39831235581215,15.138706502421096,53.28594211241911,32.487233298764096,Stazione Napoli
2024-01-23,29.97192682448196,6.793020477050695,77.72017352328024,23.555668700529054,Stazione Milano
2024-01-24,28.713980525453877,12.759370894814019,69.13541609862969,73.59012753843811,Stazione Napoli
2024-01-25,19.384989242535937,12.075658076851312,48.274293046917805,21.337102138254227,Stazione Milano
2024-01-26,5.49301241145225,7.716559394850632,30.821304659045502,80.52882554318364,Stazione Torino
2024-01-27,14.698217032968714,10.631354444847972,42.5951994052152,97.916100621838,Stazione Milano
2024-01-28,26.68512683223677,12.902770671433201,71.99932587761167,44.12387164531593,Stazione Napoli
2024-01-29,-5.562533407473503,18.819006597562765,64.78141858471409,81.23923859918668,Stazione Napoli
2024-01-30,26.04836961148871,11.512681457219628,46.475681989217165,16.836772838981872,Stazione Napoli
2024-01-31,-8.146909390234525,12.287350235366286,56.05814828406144,79.73035022008037,Stazione Napoli
2024-02-01,26.738946404646008,1.3571163540755093,69.66892593488478,96.24671585337336,Stazione Napoli
2024-02-02,26.340371187194307,19.04431629520224,37.62516842939382,51.7023394169903,Stazione Torino
2024-02-03,-7.704671102705989,10.561638558187724,55.93677485107298,25.57198042079394,Stazione Milano
2024-02-04,18.22223201578362,16.025468397198438,54.997452898918766,16.08262682766265,Stazione Torino
2024-02-05,12.610388344080373,1.0058212629477814,62.556061207214434,91.66268292838645,Stazione Napoli
2024-02-06,-2.3581223572728396,8.41820271474182,61.314820813109705,32.457253868669426,Stazione Milano
2024-02-07,-3.322947804518096,5.139509183054032,52.06360110407097,49.70037308830659,Stazione Torino
2024-02-08,24.796660673016042,5.339517973771799,75.76401772875278,43.34315511718459,Stazione Napoli
2024-02-09,15.546173697657984,15.82907459921859,34.03374239947283,43.52155204563572,Stazione Napoli
2024-02-10,34.23496107124396,12.47733450537707,32.13230835206076,76.52582604512472,Stazione Napoli
2024-02-11,34.20114997797548,8.79490623685696,55.21556037590252,93.51583193150276,Stazione Napoli
2024-02-12,34.67001470589199,0.21171479172786833,83.80165501024885,63.6774677228067,Stazione Roma
2024-02-13,-4.662301673540535,19.298558858910596,46.65416103178015,95.71382224472131,Stazione Roma
2024-02-14,32.2215261633783,19.240465067114478,40.33855948185919,19.04446686080338,Stazione Napoli
2024-02-15,1.0056324059253257,4.351044205600769,85.69250365976256,56.39372766283968,Stazione Roma
2024-02-16,10.619551689137541,0.8269274463311338,40.09339527495422,68.55069853783911,Stazione Roma
2024-02-17,24.08329501197767,10.603987260238043,52.49043220281153,71.49763296261568,Stazione Milano
2024-02-18,-0.8370580565245618,19.02821629232815,73.74093062018953,75.58474510997048,Stazione Roma
2024-02-19,15.484022249944847,18.2079169152987,45.655440508656106,33.31501016341646,Stazione Milano
2024-02-20,-1.638246329830194,11.693257277787932,43.79097166762088,88.2194579502589,Stazione Napoli
2024-02-21,-5.286875199341802,6.070977013074144,53.86003403589325,13.17055624519009,Stazione Torino
2024-02-22,-4.754862440668067,6.599217675383919,77.24188887580951,27.853571434901212,Stazione Napoli
2024-02-23,6.0937565681698445,17.958271029720553,84.65900118975037,46.87140005766251,Stazione Napoli
2024-02-24,-9.790532342326744,9.83568071271154,31.877551674586428,59.199809258785194,Stazione Roma
2024-02-25,9.11842645407603,2.6223245793429117,39.90648764231521,29.528418164291647,Stazione Napoli
2024-02-26,19.888869728651706,4.968509519472146,87.51607734881446,90.78256449513592,Stazione Milano
2024-02-27,8.075968325179492,5.5358980293499815,65.56747749293811,45.18468315175907,Stazione Roma
2024-02-28,-6.13924297660742,2.470933698638187,63.084616149229184,10.03373341156848,Stazione Roma
2024-02-29,-7.179001208936175,9.260887630425827,78.81262075703967,81.90517657862706,Stazione Milano
2024-03-01,2.515243074418777,18.321018165499822,32.38699788170669,96.54538957507879,Stazione Roma
2024-03-02,-2.3809289255379653,13.37565085984522,30.830175070378488,34.632765008584485,Stazione Torino
2024-03-03,33.42927379480862,1.4494784849771225,88.0496429820955,55.46435845852176,Stazione Roma
2024-03-04,-3.1946398761661747,0.10989635618325444,79.71424113436086,58.30706027877518,Stazione Milano
2024-03-05,26.24580968322485,5.524953349385086,74.84290689349612,80.16209188013812,Stazione Napoli
2024-03-06,16.374857378351514,7.253858695878808,39.342046208692004,15.183827386157544,Stazione Torino
2024-03-07,15.617911399293245,15.534993380935516,58.5962353825956,84.1254064030045,Stazione Roma
2024-03-08,13.043632216570305,19.340110478607333,86.23761231395085,72.16095012513192,Stazione Milano
2024-03-09,33.7293384251278,7.751343468470873,86.01597573743729,3.4920095941218032,Stazione Roma
2024-03-10,6.373014879123701,13.733800596337222,30.55482641877173,56.691517127223335,Stazione Milano
2024-03-11,25.45620879292443,19.898038147059264,75.14948454036944,2.8033767108961993,Stazione Roma
2024-03-12,14.988234836013184,14.913331677500288,30.374265986802623,49.64399473360398,Stazione Napoli
2024-03-13,7.803515043157677,12.723790981716888,89.0581036602334,59.94131178177925,Stazione Torino
2024-03-14,32.99596699876014,1.5614970835660857,55.01803211974191,63.48797056291805,Stazione Milano
2024-03-15,16.92421862141092,6.464304023894605,88.41112547880599,92.68786686877112,Stazione Napoli
2024-03-16,-4.64873760342939,18.267843169143138,52.06480854183825,29.705701886078383,Stazione Milano
2024-03-17,8.789264044858548,4.020109633618114,47.591237434405286,84.45658597384956,Stazione Roma
2024-03-18,25.171177745672345,16.871807185464164,48.977517830076295,45.222121337041465,Stazione Roma
2024-03-19,21.21861604576462,13.92647370161011,73.8407439983154,66.69398595884488,Stazione Torino
2024-03-20,31.235314842645842,7.326487416615093,41.980370035811816,80.79434229226331,Stazione Roma
2024-03-21,1.6719822863684097,10.583485394253131,81.84346150755904,72.4041165908812,Stazione Roma
2024-03-22,24.11871723592207,10.856129375056272,65.43436161760454,79.55005888889377,Stazione Milano
2024-03-23,10.69438433275344,14.281075701477725,88.19466155695619,63.60695072072,Stazione Milano
2024-03-24,15.812438613506696,10.331118821983923,89.22509420916892,80.07806089049284,Stazione Roma
2024-03-25,32.97710064528273,2.6615198036833254,41.11092007812872,90.90134767736376,Stazione Napoli
2024-03-26,34.067884399512984,15.469093430438253,87.34692321456106,90.44188415515816,Stazione Roma
2024-03-27,28.771593376650358,8.125449938122376,32.79230918275102,32.78882195041742,Stazione Torino
2024-03-28,6.159368947863332,19.261877804238544,31.67182344738634,97.19728273552545,Stazione Napoli
2024-03-29,29.94653760772939,5.670275645860688,86.63187463971312,5.76669963120644,Stazione Milano
2024-03-30,18.737412993863586,5.261575605931692,87.74380424699962,61.64026934321674,Stazione Milano
2024-03-31,9.349855121182088,6.670147913503652,38.83486036031938,49.52245577019207,Stazione Roma
2024-04-01,-8.391579287478232,11.44634031917251,56.54494892333989,23.0476070159513,Stazione Roma
2024-04-02,24.6557655886212,17.897394804019648,59.645551679290946,53.51480485798903,Stazione Torino
2024-04-03,12.594751132585088,3.525632802800296,81.61687419109828,6.59546597000894,Stazione Roma
2024-04-04,25.378482475927733,5.593575951984404,67.67503459177014,55.37141575902743,Stazione Torino
2024-04-05,23.66102597044714,11.633596862957237,76.47398545209693,85.44654418738472,Stazione Milano
2024-04-06,25.710531562175838,9.086684843230302,59.10581072587746,14.097241256290083,Stazione Roma
2024-04-07,3.529302141354508,8.946457745114508,68.90482213450969,32.535218674087176,Stazione Torino
2024-04-08,26.035936958043393,16.41468524192813,74.12456160155152,63.11232710517998,Stazione Roma
2024-04-09,14.698084780977531,18.477566050227225,74.27287703503808,35.930127868712944,Stazione Napoli
2024-04-10,11.299679020211443,9.626139321397638,30.104269607080344,41.50030271476823,Stazione Milano
2024-04-11,20.380666121934063,13.747035908945476,35.994484423803634,33.84508981600203,Stazione Roma
2024-04-12,-9.038859267774326,16.021174220547877,51.81962646626496,48.26698956039609,Stazione Napoli
2024-04-13,-5.39574328505826,10.367328207743277,33.67184682621251,37.319595372730504,Stazione Napoli
2024-04-14,3.14798143253849,5.886328179074707,52.97938214206302,14.424832324587534,Stazione Torino
2024-04-15,34.23455494810278,12.761691954445675,53.374010908331535,19.88127961986741,Stazione Roma
2024-04-16,-3.7114399510770255,11.702182006121184,85.21401223666439,7.924659002326262,Stazione Torino
2024-04-17,4.876833534164465,18.03125639479221,64.02431129368145,46.76570677191002,Stazione Milano
2024-04-18,-7.702612088863438,1.0481407353971206,72.38107683201949,84.54039345087338,Stazione Napoli
2024-04-19,4.907099613172683,18.202627742669335,83.23192092517371,9.055108338518902,Stazione Milano
2024-04-20,4.414682892987422,10.688640563307192,56.527759238959035,65.87254975151681,Stazione Napoli
2024-04-21,32.6063226925035,0.3135223209982785,30.117728675842933,42.02231604535025,Stazione Napoli
2024-04-22,28.031933914807418,6.894043575355761,47.120161477524825,87.1381021594737,Stazione Milano
2024-04-23,7.224389865924717,14.486671277506396,78.84952200224922,36.33135458307191,Stazione Torino
2024-04-24,-8.88539238823381,9.768661758716659,84.11047018800448,69.44433887319533,Stazione Torino
2024-04-25,27.39640012979202,19.60318074881985,51.09057486709327,39.9112226536029,Stazione Napoli
2024-04-26,19.724127971504306,8.45220147662097,47.6394751787429,54.19484409878162,Stazione Torino
2024-04-27,-3.143598235691062,6.5327045925201555,85.47031266412401,77.49456414423112,Stazione Roma
2024-04-28,34.82320719545842,16.433438688591362,51.0644241589668,96.78570834494661,Stazione Torino
2024-04-29,-5.489495315914462,10.958133987160627,69.13471128459949,13.488744756620685,Stazione Roma
2024-04-30,29.02015437171483,13.646531581251178,46.818554103033804,52.90970608690453,Stazione Napoli
2024-05-01,3.2419773858360035,16.11404676077355,35.87512792744449,13.226864238439727,Stazione Torino
2024-05-02,9.590905984632066,13.428550922512406,60.07417870716081,3.0503720142378787,Stazione Roma
2024-05-03,25.79554370493416,8.448149895373291,85.39391022709006,74.79506202532099,Stazione Torino
2024-05-04,20.48787601973046,2.4959289578860133,67.11844523563829,98.32713188441309,Stazione Milano
2024-05-05,32.20389684998176,11.60496333142601,42.52959748702406,59.54032831362801,Stazione Milano
2024-05-06,17.951314645717247,17.948666534585193,70.94577440205677,7.243264500451607,Stazione Torino
2024-05-07,-5.598542733442626,8.377848530368299,76.10166864585796,6.172797891165704,Stazione Torino
2024-05-08,29.796216345887764,18.21450469685681,49.24563371489753,31.454736366780935,Stazione Torino
2024-05-09,24.611998624486596,10.07055639564804,63.552564085862315,38.08840604283622,Stazione Roma
2024-05-10,22.03417029019949,12.416831248849531,70.91718788803935,0.3866484241020429,Stazione Roma
2024-05-11,-7.581990369081908,16.659769521112857,39.62118872282929,84.26829031324989,Stazione Roma
2024-05-12,7.830023509778481,11.29194219281443,87.84605638634775,46.85797663827802,Stazione Milano
2024-05-13,-2.465388124320735,1.81938678591127,57.07511768699052,99.57076820805172,Stazione Torino
2024-05-14,26.9856758783541,19.619588016007903,88.77986342832398,88.41469350947452,Stazione Napoli
2024-05-15,21.523788026803825,4.916986038256674,41.3744319506697,50.077630781185476,Stazione Roma
2024-05-16,29.738491879361085,14.210106572603971,59.02641277857867,62.70581276779179,Stazione Torino
2024-05-17,33.49587981158738,10.102268772354774,39.951219220550264,31.45519992520861,Stazione Roma
2024-05-18,24.863642638662434,9.575452736354162,30.61084934303632,30.335610441348614,Stazione Torino
2024-05-19,34.7404887449343,4.878816377337829,44.272510354512164,13.020496221070255,Stazione Milano
2024-05-20,17.664644876493448,14.443015314002082,54.19124022408501,54.54002163552302,Stazione Torino
2024-05-21,-8.329167824884848,2.255765296619745,55.867844263454145,8.167126508348677,Stazione Napoli
2024-05-22,-9.358681818236686,19.809066187229703,83.19030930625227,44.685965922843884,Stazione Milano
2024-05-23,5.394674384170491,16.907470742144078,68.1406358328505,32.172441992697685,Stazione Roma
2024-05-24,27.056227358039173,10.690178800115842,56.06649931311181,79.05333354077368,Stazione Milano
2024-05-25,28.976061784612895,8.49105912116019,89.27986197658876,38.144561378471856,Stazione Napoli
2024-05-26,33.2365637970205,5.729292649197353,66.85345989760114,90.14953018499317,Stazione Milano
2024-05-27,-7.069533915303172,10.03182941881535,49.3597778990983,18.953043009076097,Stazione Milano
2024-05-28,-7.994300005555116,17.58834924048336,71.47865287264767,93.054657416206,Stazione Torino
2024-05-29,31.09776183651652,5.500128014013672,59.74199536098031,59.328664460405534,Stazione Napoli
2024-05-30,3.7271014263287707,10.010749176062719,82.87006164409033,12.024160222586467,Stazione Torino
2024-05-31,15.109433027433472,4.690998041340617,83.79067572379927,50.215017049994096,Stazione Roma
2024-06-01,34.21001973503194,6.742982273299029,52.041024007270174,26.791818739076078,Stazione Milano
2024-06-02,8.020184063116549,3.805210178466649,63.74034305160865,74.90364969626329,Stazione Milano
2024-06-03,19.964212923942796,19.810783878423756,45.94640664277833,65.13094388112957,Stazione Napoli
2024-06-04,8.039580363439338,11.429948929249111,67.59820510455299,6.273651131791269,Stazione Roma
2024-06-05,24.568759900825086,14.65630248073391,89.54081773918048,41.75462198682908,Stazione Napoli
2024-06-06,13.74716265077896,1.9649982690407342,79.95531106933103,88.7136203107771,Stazione Torino
2024-06-07,0.6885412093857379,7.322351001486316,51.98459401816952,40.7826992644077,Stazione Torino
2024-06-08,2.2087745566309795,17.85279606094643,35.72282111960955,74.36305616542056,Stazione Roma
2024-06-09,1.6126645642283268,1.6887665284789577,88.00091924241084,11.338257123155238,Stazione Roma
2024-06-10,13.954414771635236,3.309664566792263,53.37508672066321,86.69166269037822,Stazione Milano
2024-06-11,21.643505720704894,12.508352207023371,47.60285359600891,50.243176338502124,Stazione Torino
2024-06-12,32.717595501941396,12.455779882084503,48.98012357433406,94.75721682300842,Stazione Roma
2024-06-13,21.233931878734097,16.764540889078592,59.395401998330804,53.732117190295355,Stazione Roma
2024-06-14,25.153677978307577,18.709855277428428,87.40508392494004,76.92256838949744,Stazione Milano
2024-06-15,-2.3983247860945465,2.8397295085052754,89.19733928000949,97.2113895924215,Stazione Milano
2024-06-16,6.832818125329656,5.18747637053999,47.76760364114374,72.93470099299623,Stazione Roma
2024-06-17,8.620109893621972,8.549228113865118,51.08812246484911,57.7273336360849,Stazione Torino
2024-06-18,20.887110350021285,0.01806571042499261,60.70839360396222,36.670813960932755,Stazione Roma
2024-06-19,3.315138936959311,1.3962860591938986,30.491237317784158,4.252508752590867,Stazione Torino
2024-06-20,3.648136463884974,4.529825558820432,40.490193794646544,43.254570915798006,Stazione Roma
2024-06-21,6.0150119588390645,9.622039280316235,86.16354123028839,41.24804579304489,Stazione Torino
2024-06-22,26.46359366944545,5.030454763372257,31.766114223681672,82.30622576375538,Stazione Napoli
2024-06-23,15.991554051950693,17.533637844460962,36.058576783232624,18.92527061979694,Stazione Milano
2024-06-24,-6.612522407526949,6.485457510840222,55.238821022023124,74.26448519538485,Stazione Roma
2024-06-25,-6.478925513928903,18.492456242852573,73.88701494954071,3.7563612888741216,Stazione Roma
2024-06-26,6.70791249271247,19.4957452146942,46.13269382342091,88.63653280941996,Stazione Milano
2024-06-27,24.496597277277125,8.997230678151576,48.35793543323346,66.79425961129915,Stazione Torino
2024-06-28,20.990754191540624,4.542576337986473,48.3283788074632,42.24437872706094,Stazione Roma
2024-06-29,21.8592059593034,5.833322668460066,82.35611560521639,26.550772213402006,Stazione Roma
2024-06-30,24.52445297243436,15.526673633188924,43.565856373645076,18.44010400953444,Stazione Roma
2024-07-01,2.921872079884821,5.466994155851821,63.74410956079142,58.5645135679011,Stazione Torino
2024-07-02,14.67153268739396,7.611657358405692,89.99586882112897,41.02386749667679,Stazione Roma
2024-07-03,14.45086881425463,9.571517169636996,73.7079296935811,74.30228925332476,Stazione Napoli
2024-07-04,23.28346255309772,11.502222329399682,50.18103931781556,90.67745514875638,Stazione Roma
2024-07-05,33.059175609754085,19.922008806024763,75.92753821994458,29.56515460524055,Stazione Roma
2024-07-06,2.5095475157959655,4.644195103271846,87.23494244313653,64.99003572033311,Stazione Milano
2024-07-07,25.697675274067166,7.068474064963377,52.41226842915506,42.27221924900907,Stazione Torino
2024-07-08,19.69867468354681,5.25782354021022,72.48067440415983,4.273899302080575,Stazione Napoli
2024-07-09,16.110704188855706,7.222268732874206,34.54825578716335,61.54326729856577,Stazione Milano
2024-07-10,24.869590070633087,2.016090337892411,83.7178102052485,36.370256582690295,Stazione Torino
2024-07-11,32.48146098926447,7.196195344820944,35.775403477458724,1.3726045326379777,Stazione Torino
2024-07-12,-8.348886195876416,17.75730062928777,52.37550577569568,47.22799810652025,Stazione Roma
2024-07-13,-3.36699538690507,5.971796956928981,62.55035057173414,9.166890087206326,Stazione Milano
2024-07-14,24.03292541755021,7.438695596981377,45.81465854701313,62.81696577304559,Stazione Torino
2024-07-15,-6.229389119046195,18.889483288758694,68.95615955923066,52.64963654092995,Stazione Napoli
2024-07-16,13.225566533349188,14.567579926537364,63.26572364354469,50.034874316286974,Stazione Roma
2024-07-17,-0.1062650511276857,10.334774296360967,73.03111441788636,93.6879208489301,Stazione Roma
2024-07-18,2.3433066729238163,15.543854568068811,51.24836190732965,88.04273787161917,Stazione Roma
2024-07-19,21.582821732498733,2.463592977090079,62.7608333791604,71.39339666114515,Stazione Roma
2024-07-20,-8.641325202907977,9.289807064416847,78.73112401087374,57.7540710721839,Stazione Napoli
2024-07-21,29.29937425558566,2.364722574717326,78.64178076008734,25.23693137024965,Stazione Roma
2024-07-22,10.00155299085215,4.6723629003916,72.85439849111289,0.8162767446609265,Stazione Torino
2024-07-23,12.607698225819547,2.837345194805172,62.516153376898764,11.963474024441833,Stazione Milano
2024-07-24,14.302158366216137,7.236024783382787,70.39566604646973,32.0294229962523,Stazione Torino
2024-07-25,19.049493256077227,7.632786407918517,35.21281740672305,19.67278459088537,Stazione Roma
2024-07-26,5.518546398023664,18.94617163666482,58.279032042643955,57.00038224788882,Stazione Milano
2024-07-27,-5.45016292464289,5.2825146237505844,81.60861001827894,53.49498174948405,Stazione Roma
2024-07-28,4.327052149977945,9.448576906330338,66.44188930359854,38.9791444940793,Stazione Roma
2024-07-29,-2.4336046889730865,16.227588079269736,86.5009863495054,80.05445255305743,Stazione Napoli
2024-07-30,15.025993075271327,16.312351728733233,45.73071127764486,73.11571458516333,Stazione Napoli
2024-07-31,4.31128839321739,15.006863740700405,35.77810812664653,68.7882865923901,Stazione Torino
2024-08-01,33.11302300970457,5.7566752428014585,67.5968061362332,50.26752474435031,Stazione Napoli
2024-08-02,33.45804250911263,9.89943238822714,35.45555578922282,4.344522942366114,Stazione Milano
2024-08-03,17.905664625570868,3.724231903734465,76.92812180546495,42.802772907525245,Stazione Milano
2024-08-04,17.787377045027867,3.767990455656085,45.404544488943436,49.918183455169554,Stazione Milano
2024-08-05,34.342035405519766,8.716824262766218,62.32511150661939,44.784759633650516,Stazione Roma
2024-08-06,29.927741805583366,14.771844424858822,78.68262241809674,0.4474626711733043,Stazione Roma
2024-08-07,24.4281477121163,10.531685199956758,77.282122122018,65.24288587852523,Stazione Roma
2024-08-08,4.111577528421554,17.733664416949047,59.75850162475251,25.739277533083825,Stazione Roma
2024-08-09,6.449256265313437,16.618175955551518,88.55078479892836,4.465882435944513,Stazione Napoli
2024-08-10,-0.9429955407610553,0.6321088564081112,59.85798942545044,50.34686093793187,Stazione Roma
2024-08-11,11.921665711281857,11.36838085732432,46.72748500146333,92.05473826612221,Stazione Milano
2024-08-12,34.56658349628108,12.183225287112862,48.145874673101204,2.944028336602822,Stazione Torino
2024-08-13,31.046792885521498,19.23150288600163,74.61856343263621,1.3741593071443292,Stazione Torino
2024-08-14,-4.6742754691238915,0.4647325341772346,56.22642233343562,58.77480868627315,Stazione Torino
2024-08-15,-8.866436981927222,10.622075419372578,55.12730908712942,54.29862373083883,Stazione Milano
2024-08-16,30.43869507837198,4.095627238717048,31.229195716196067,1.5706348512828594,Stazione Torino
2024-08-17,14.172655757691835,1.073258125831782,48.31668962526295,10.306875067440213,Stazione Roma
2024-08-18,-0.9914550306194716,11.749770494634467,81.6229847904964,83.63946422946935,Stazione Napoli
2024-08-19,20.31439713130859,15.45208287265605,78.2102698936288,45.263844649673935,Stazione Torino
2024-08-20,18.990043006841898,15.497308984503757,74.79065159895961,12.438726664102685,Stazione Napoli
2024-08-21,-4.506147692358977,0.6057682031181355,31.387703200543196,15.59204841607894,Stazione Torino
2024-08-22,1.682010507392878,8.138928005431787,31.61941748590159,61.14227359945645,Stazione Napoli
2024-08-23,-7.296491605903392,0.89019254297241,48.68789756345296,32.8665994778778,Stazione Napoli
2024-08-24,-0.5562786758436129,4.956772939815394,58.467196333088,2.5705232049547777,Stazione Roma
2024-08-25,-4.04624463161217,3.8576140551589666,84.58447607917618,63.60184962179287,Stazione Napoli
2024-08-26,-1.3043668386449756,4.303651584843145,53.07778896033236,3.2352926052939046,Stazione Napoli
2024-08-27,20.846021566090265,6.782368280690571,47.31150017177356,11.027994849288891,Stazione Torino
2024-08-28,-7.772511508251952,5.548360836719965,64.26917809828277,15.876824849159766,Stazione Roma
2024-08-29,-5.416542313830258,19.245598226551966,84.88165797298167,14.327791148182033,Stazione Milano
2024-08-30,-3.9621862864770563,7.0481424001876425,74.31832268773499,76.15629463424321,Stazione Roma
2024-08-31,4.244350443116032,17.883450305859437,81.39997691875863,9.34454558835478,Stazione Milano
2024-09-01,3.4437639883373414,3.620833430418502,40.931858695381976,14.86415913275414,Stazione Torino
2024-09-02,1.4778703392487742,15.274937343764286,37.53986671882754,44.70155689846399,Stazione Torino
2024-09-03,23.774149404458733,1.2269107204928553,62.64426802133357,14.00836908791485,Stazione Roma
2024-09-04,34.911025449114526,9.255224589386826,71.842249543035,74.6936027517557,Stazione Napoli
2024-09-05,14.029006563295813,0.11020880471051875,87.29928288975191,48.774585066948795,Stazione Torino
2024-09-06,32.48912230612739,16.20581526138872,52.29206450738873,87.9643396240148,Stazione Napoli
2024-09-07,7.847455045672909,19.009720720755677,50.79341113222179,3.811587523794735,Stazione Napoli
2024-09-08,-5.1992898938778955,0.7021474165429131,60.95125787409508,85.51983882808057,Stazione Milano
2024-09-09,8.39482232614268,18.67692722946629,71.09627620240254,15.381095449142867,Stazione Milano
2024-09-10,3.3257498036612,15.47707782982706,63.96142662691819,92.56347358855042,Stazione Roma
2024-09-11,12.203313303013015,7.177231575855907,73.38184159995576,32.60411094752952,Stazione Torino
2024-09-12,19.566965461239043,18.177531024456105,52.81889622674943,51.07830381944564,Stazione Milano
2024-09-13,10.747259861858367,5.9251454250180196,81.73185781111451,2.369407638066834,Stazione Roma
2024-09-14,32.082223043502154,8.18590624469524,40.978535615037586,72.91389103622585,Stazione Roma
2024-09-15,29.814417003472094,1.9342252438404328,48.95427856969968,21.3771285424862,Stazione Torino
2024-09-16,21.588991782478875,13.13877923800288,76.42065982621904,91.66167425100258,Stazione Torino
2024-09-17,12.03582105640471,0.5920165748454376,50.14033523876374,66.17870457098051,Stazione Milano
2024-09-18,-4.07407231834944,9.698105503980745,70.08927614220092,28.36191455309717,Stazione Torino
2024-09-19,7.865615004993501,13.663837005050677,47.267856556377644,26.090858922865067,Stazione Torino
2024-09-20,21.698069273052816,16.42475201898222,41.22626054599756,17.047921327901825,Stazione Roma
2024-09-21,2.819848424917902,2.998827792433243,48.04395383718922,80.18705034394569,Stazione Napoli
2024-09-22,-5.320536510546081,15.081807324974347,83.2195978222728,43.84767489946366,Stazione Milano
2024-09-23,30.85543058797827,14.38154047110059,57.65298772150272,27.69456114397513,Stazione Napoli
2024-09-24,21.907286441699505,11.191410682395684,43.52490922429371,95.28195121200645,Stazione Roma
2024-09-25,17.687439198579373,11.69289195575728,49.28631534990264,80.2240832233182,Stazione Milano
2024-09-26,25.66245075240125,1.8254144171355624,30.166257397540917,58.63030105015549,Stazione Napoli
